"","SampleID","16S COPIES/G","Treatment","Time_point","genus","color_label_group","count_relative","count_absolute","log_count.absolute"
"1","1-A-1",599833919.308359,"Control","Baseline","Lactobacillus","g__Lactobacillus",0.272406619533254,163398730.240173,18.911703969492
"2","1-A-1",599833919.308359,"Control","Baseline","Lactobacillus","g__Lactobacillus",0.260964775073516,156535523.833771,18.8687935315395
"3","1-A-1",599833919.308359,"Control","Baseline","Turicibacter","o__Erysipelotrichales",0.0877807670650066,52653881.548497,17.779250517445
"4","1-A-1",599833919.308359,"Control","Baseline","Turicibacter","o__Erysipelotrichales",0.0868657323406119,52105012.6834601,17.7687717148298
"5","1-A-1",599833919.308359,"Control","Baseline","Duncaniella","p__Bacteroidetes",0.0465259963711443,27907870.75303,17.1444193128506
"6","1-A-1",599833919.308359,"Control","Baseline","Duncaniella","p__Bacteroidetes",0.0429362447600576,25754615.9748083,17.0641244301663
"7","1-A-1",599833919.308359,"Control","Baseline","Gracilibacter","o__Clostridiales",0.00691359569542639,4147009.20250101,15.2378979583003
"8","1-A-1",599833919.308359,"Control","Baseline","Olsenella","p__Actinobacteria",0.00602984420947256,3616905.08498674,15.101129269226
"9","1-A-1",599833919.308359,"Control","Baseline","Duncaniella","p__Bacteroidetes",0.00597509854220109,3584066.77682214,15.0920086848292
"10","1-A-1",599833919.308359,"Control","Baseline","Gracilibacter","o__Clostridiales",0.00590471125570919,3541846.09489622,15.0801586449117
"11","1-A-1",599833919.308359,"Control","Baseline","Olsenella","p__Actinobacteria",0.00581868234999687,3490243.03920899,15.0654819304958
"12","1-A-1",599833919.308359,"Control","Baseline","Duncaniella","p__Bacteroidetes",0.00530250891572296,3180624.70508562,14.9725881836031
"13","1-A-1",599833919.308359,"Control","Baseline","Sangeribacter","p__Bacteroidetes",0.00451260714509166,2706814.83013923,14.8112831621708
"14","1-A-1",599833919.308359,"Control","Baseline","Sangeribacter","p__Bacteroidetes",0.00448914471626103,2692741.26949726,14.8060702919823
"15","1-A-1",599833919.308359,"Control","Baseline","Enterocloster","f__Lachnospiraceae",0.00390258399549521,2340902.25344797,14.6660469914142
"16","1-A-1",599833919.308359,"Control","Baseline","Enterocloster","f__Lachnospiraceae",0.00387130075705437,2322137.50592534,14.6579986582314
"17","1-A-1",599833919.308359,"Control","Baseline","Guopingia","other__other",0.00370706375523994,2223622.58143153,14.6146482173578
"18","1-A-1",599833919.308359,"Control","Baseline","Guopingia","other__other",0.00356628918225615,2139181.21757971,14.5759337051771
"19","1-A-1",599833919.308359,"Control","Baseline","Muribaculum","p__Bacteroidetes",0.00308921979603329,1853018.81785962,14.4323266605638
"20","1-A-1",599833919.308359,"Control","Baseline","Sangeribacter","p__Bacteroidetes",0.00290152036538823,1740430.33272384,14.3696429582701
"21","1-B-1",3311251.52587891,"Control","Baseline","Lactobacillus","g__Lactobacillus",0.146671032078959,485664.678773688,13.0932737033787
"22","1-B-1",3311251.52587891,"Control","Baseline","Lactobacillus","g__Lactobacillus",0.130471259898913,432023.15842362,12.9762344732515
"23","1-B-1",3311251.52587891,"Control","Baseline","Olsenella","p__Actinobacteria",0.0751737638721207,248919.240327621,12.4248837868049
"24","1-B-1",3311251.52587891,"Control","Baseline","Olsenella","p__Actinobacteria",0.0679776545458266,225091.112340538,12.3242605429547
"25","1-B-1",3311251.52587891,"Control","Baseline","Duncaniella","p__Bacteroidetes",0.0541720381700737,179377.244050627,12.0972463758045
"26","1-B-1",3311251.52587891,"Control","Baseline","Turicibacter","o__Erysipelotrichales",0.0475147844236633,157333.402424663,11.9661224150393
"27","1-B-1",3311251.52587891,"Control","Baseline","Turicibacter","o__Erysipelotrichales",0.04209212384129,139377.609296956,11.8449421424344
"28","1-B-1",3311251.52587891,"Control","Baseline","Duncaniella","p__Bacteroidetes",0.0407756791967641,135018.529959034,11.8131673069572
"29","1-B-1",3311251.52587891,"Control","Baseline","Clostridium","o__Clostridiales",0.0142557995184405,47204.5379080599,10.7622453090722
"30","1-B-1",3311251.52587891,"Control","Baseline","Clostridium","o__Clostridiales",0.0116501940562183,38576.7228454383,10.5604043384619
"31","1-B-1",3311251.52587891,"Control","Baseline","Marvinbryantia","f__Lachnospiraceae",0.0105247361994993,34850.0488000651,10.4588098164765
"32","1-B-1",3311251.52587891,"Control","Baseline","Marvinbryantia","f__Lachnospiraceae",0.00956980226046505,31688.0223373243,10.3636940442158
"33","1-B-1",3311251.52587891,"Control","Baseline","Eubacterium","o__Clostridiales",0.00767357629581125,25409.1412184532,10.1428642787519
"34","1-B-1",3311251.52587891,"Control","Baseline","Guopingia","other__other",0.00763265055556692,25273.6257986215,10.1375166724253
"35","1-B-1",3311251.52587891,"Control","Baseline","Guopingia","other__other",0.00702558540860941,23263.4804044505,10.054640045337
"36","1-B-1",3311251.52587891,"Control","Baseline","Duncaniella","p__Bacteroidetes",0.00640487834823712,21208.163203669,9.96214144332161
"37","1-B-1",3311251.52587891,"Control","Baseline","Eubacterium","o__Clostridiales",0.00609793529640467,20191.7975549308,9.91303173928686
"38","1-B-1",3311251.52587891,"Control","Baseline","Sangeribacter","p__Bacteroidetes",0.00590694850859782,19559.3922623827,9.88121087267578
"39","1-B-1",3311251.52587891,"Control","Baseline","Muribaculum","p__Bacteroidetes",0.00565457311042447,18723.7138400869,9.83754611924864
"40","1-B-1",3311251.52587891,"Control","Baseline","Enterocloster","f__Lachnospiraceae",0.00560000545676537,18543.0266136446,9.82784907356577
"41","1-C-1",539221594.419531,"Control","Baseline","Turicibacter","o__Erysipelotrichales",0.133096034740514,71768256.0636972,18.0889528201518
"42","1-C-1",539221594.419531,"Control","Baseline","Turicibacter","o__Erysipelotrichales",0.121420943973802,65472795.005478,17.9971452708987
"43","1-C-1",539221594.419531,"Control","Baseline","Lactobacillus","g__Lactobacillus",0.0600484089129351,32379398.7963888,17.2930329389132
"44","1-C-1",539221594.419531,"Control","Baseline","Lactobacillus","g__Lactobacillus",0.0539830568804727,29108830.0027287,17.1865521226341
"45","1-C-1",539221594.419531,"Control","Baseline","Duncaniella","p__Bacteroidetes",0.0492062362070193,26533065.142933,17.093902254417
"46","1-C-1",539221594.419531,"Control","Baseline","Duncaniella","p__Bacteroidetes",0.047718374030042,25730777.7275868,17.0631984102911
"47","1-C-1",539221594.419531,"Control","Baseline","Olsenella","p__Actinobacteria",0.0277069836975867,14940203.9259687,16.519566387239
"48","1-C-1",539221594.419531,"Control","Baseline","Olsenella","p__Actinobacteria",0.0247027835124938,13320274.3122074,16.404797816874
"49","1-C-1",539221594.419531,"Control","Baseline","Lactobacillus","g__Lactobacillus",0.0128995515056596,6955716.73017863,15.755074430536
"50","1-C-1",539221594.419531,"Control","Baseline","Gracilibacter","o__Clostridiales",0.00954652238912223,5147691.02382424,15.4540588272148
"51","1-C-1",539221594.419531,"Control","Baseline","Anaerobacterium","o__Clostridiales",0.00902683847084787,4867466.23281815,15.3980840789303
"52","1-C-1",539221594.419531,"Control","Baseline","Mediterraneibacter","f__Lachnospiraceae",0.00846444080586602,4564209.26720881,15.3337558406239
"53","1-C-1",539221594.419531,"Control","Baseline","Mediterraneibacter","f__Lachnospiraceae",0.00821527728340571,4429854.91535658,15.3038773910012
"54","1-C-1",539221594.419531,"Control","Baseline","Anaerobacterium","o__Clostridiales",0.00801594646543746,4322371.43387479,15.2793147526328
"55","1-C-1",539221594.419531,"Control","Baseline","Duncaniella","p__Bacteroidetes",0.00788780522531501,4253274.91006507,15.2631998112404
"56","1-C-1",539221594.419531,"Control","Baseline","Clostridium","o__Clostridiales",0.00778813981633089,4199533.16932418,15.250483926915
"57","1-C-1",539221594.419531,"Control","Baseline","Sporofaciens","f__Lachnospiraceae",0.00752473837830142,4057501.42593753,15.2160779298034
"58","1-C-1",539221594.419531,"Control","Baseline","Clostridium","o__Clostridiales",0.00744642984267103,4015275.77249825,15.205616588558
"59","1-C-1",539221594.419531,"Control","Baseline","Sporofaciens","f__Lachnospiraceae",0.00721862319356446,3892437.50794763,15.1745461280843
"60","1-C-1",539221594.419531,"Control","Baseline","Duncaniella","p__Bacteroidetes",0.00707624403787286,3815663.5926035,15.1546251505897
"61","2-A-1",471915362.095533,"Fludarabine","Baseline","Duncaniella","p__Bacteroidetes",0.125637221847606,59290135.0408897,17.8979534933144
"62","2-A-1",471915362.095533,"Fludarabine","Baseline","Turicibacter","o__Erysipelotrichales",0.107376938637896,50672826.8780125,17.7409003658705
"63","2-A-1",471915362.095533,"Fludarabine","Baseline","Turicibacter","o__Erysipelotrichales",0.105291076646437,49688476.5610318,17.7212836042442
"64","2-A-1",471915362.095533,"Fludarabine","Baseline","Duncaniella","p__Bacteroidetes",0.0956979096426163,45161313.6807808,17.6257513862996
"65","2-A-1",471915362.095533,"Fludarabine","Baseline","Lactobacillus","g__Lactobacillus",0.0873005169701056,41198455.0770746,17.5339113154874
"66","2-A-1",471915362.095533,"Fludarabine","Baseline","Lactobacillus","g__Lactobacillus",0.0871476736345246,41126325.95902,17.5321590086947
"67","2-A-1",471915362.095533,"Fludarabine","Baseline","Duncaniella","p__Bacteroidetes",0.0208136659923578,9822288.723319,16.1001647207224
"68","2-A-1",471915362.095533,"Fludarabine","Baseline","Duncaniella","p__Bacteroidetes",0.0188716565520342,8905824.63509575,16.0022160740227
"69","2-A-1",471915362.095533,"Fludarabine","Baseline","Sporofaciens","f__Lachnospiraceae",0.0142324117779276,6716493.75767343,15.7200768140831
"70","2-A-1",471915362.095533,"Fludarabine","Baseline","Spiroplasma","other__other",0.0141065407956844,6657093.30751081,15.7111935069351
"71","2-A-1",471915362.095533,"Fludarabine","Baseline","Spiroplasma","other__other",0.0138907619689818,6555263.9643749,15.6957789435339
"72","2-A-1",471915362.095533,"Fludarabine","Baseline","Sporofaciens","f__Lachnospiraceae",0.013387278040009,6317662.16372442,15.6588597868861
"73","2-A-1",471915362.095533,"Fludarabine","Baseline","Muribaculum","p__Bacteroidetes",0.00876601483479434,4136817.06489678,15.2354372251999
"74","2-A-1",471915362.095533,"Fludarabine","Baseline","Muribaculum","p__Bacteroidetes",0.00766014834794336,3614941.68132519,15.1005862810314
"75","2-A-1",471915362.095533,"Fludarabine","Baseline","Duncaniella","p__Bacteroidetes",0.00694987637671387,3279753.42683611,15.0032788027895
"76","2-A-1",471915362.095533,"Fludarabine","Baseline","Duncaniella","p__Bacteroidetes",0.00686895931670038,3241567.42316014,14.9915675433686
"77","2-A-1",471915362.095533,"Fludarabine","Baseline","Mediterraneibacter","f__Lachnospiraceae",0.00635648460328164,2999722.73321233,14.9140304200986
"78","2-A-1",471915362.095533,"Fludarabine","Baseline","Mediterraneibacter","f__Lachnospiraceae",0.0058889638120926,2779092.48975117,14.8376349898373
"79","2-A-1",471915362.095533,"Fludarabine","Baseline","Sangeribacter","p__Bacteroidetes",0.0053225443919982,2511790.46401938,14.7365063890861
"80","2-A-1",471915362.095533,"Fludarabine","Baseline","Ruminiclostridium","o__Clostridiales",0.00512474713418746,2418446.89947812,14.6986361150307
"81","2-B-1",760989093.655589,"Fludarabine","Baseline","Lactobacillus","g__Lactobacillus",0.14936679311351,113666500.513692,18.5487792848222
"82","2-B-1",760989093.655589,"Fludarabine","Baseline","Olsenella","p__Actinobacteria",0.148631456084039,113106917.054103,18.5438440979616
"83","2-B-1",760989093.655589,"Fludarabine","Baseline","Akkermansia","g__Akkermansia",0.0815873942223519,62087117.1829888,17.9440490726125
"84","2-B-1",760989093.655589,"Fludarabine","Baseline","Lactobacillus","g__Lactobacillus",0.0724948934928509,55167823.293783,17.8258904299439
"85","2-B-1",760989093.655589,"Fludarabine","Baseline","Olsenella","p__Actinobacteria",0.0684096877735629,52059026.2960654,17.7678887538611
"86","2-B-1",760989093.655589,"Fludarabine","Baseline","Akkermansia","g__Akkermansia",0.058780274292384,44731147.6585882,17.6161806325489
"87","2-B-1",760989093.655589,"Fludarabine","Baseline","Turicibacter","o__Erysipelotrichales",0.0563758389261745,42901398.568503,17.5744149840313
"88","2-B-1",760989093.655589,"Fludarabine","Baseline","Turicibacter","o__Erysipelotrichales",0.0519054566676393,39499486.4252863,17.4917982278953
"89","2-B-1",760989093.655589,"Fludarabine","Baseline","Duncaniella","p__Bacteroidetes",0.0426145316603443,32429193.8247628,17.2945696190403
"90","2-B-1",760989093.655589,"Fludarabine","Baseline","Duncaniella","p__Bacteroidetes",0.0293784651298512,22356691.5521578,16.92263623252
"91","2-B-1",760989093.655589,"Fludarabine","Baseline","Clostridium","o__Clostridiales",0.0153720455208637,11697958.9885545,16.2749249391279
"92","2-B-1",760989093.655589,"Fludarabine","Baseline","Clostridium","o__Clostridiales",0.007446746425445,5666892.81298238,15.5501515207294
"93","2-B-1",760989093.655589,"Fludarabine","Baseline","Clostridium","o__Clostridiales",0.00654800116720163,4982957.4734845,15.4215341429073
"94","2-B-1",760989093.655589,"Fludarabine","Baseline","Parasutterella","p__Proteobacteria",0.0060227604318646,4583255.00234938,15.3379200028662
"95","2-B-1",760989093.655589,"Fludarabine","Baseline","Clostridium","o__Clostridiales",0.00583600817041144,4441138.56816801,15.3064213358068
"96","2-B-1",760989093.655589,"Fludarabine","Baseline","Ruminiclostridium","o__Clostridiales",0.00538079953311935,4094729.75985091,15.2252112803813
"97","2-B-1",760989093.655589,"Fludarabine","Baseline","Duncaniella","p__Bacteroidetes",0.00388678144149402,2957798.2863999,14.8999557273651
"98","2-B-1",760989093.655589,"Fludarabine","Baseline","Duncaniella","p__Bacteroidetes",0.00385176539247155,2931151.45499089,14.8909058918452
"99","2-B-1",760989093.655589,"Fludarabine","Baseline","Mediterraneibacter","f__Lachnospiraceae",0.00375838926174497,2860093.2379002,14.866364782929
"100","2-B-1",760989093.655589,"Fludarabine","Baseline","Adlercreutzia","p__Actinobacteria",0.0035716370002918,2717976.80371882,14.815398339337
"101","2-C-1",282375208.333333,"Fludarabine","Baseline","Turicibacter","o__Erysipelotrichales",0.116083978825852,32779237.7051121,17.305305876132
"102","2-C-1",282375208.333333,"Fludarabine","Baseline","Turicibacter","o__Erysipelotrichales",0.110753057989652,31273917.8233817,17.2582950117484
"103","2-C-1",282375208.333333,"Fludarabine","Baseline","Duncaniella","p__Bacteroidetes",0.0908873403714448,25664331.6722493,17.060612713203
"104","2-C-1",282375208.333333,"Fludarabine","Baseline","Duncaniella","p__Bacteroidetes",0.0694365523222777,19607160.9279515,16.7914054109423
"105","2-C-1",282375208.333333,"Fludarabine","Baseline","Lactobacillus","g__Lactobacillus",0.0623635493614858,17609920.2433556,16.6839729514079
"106","2-C-1",282375208.333333,"Fludarabine","Baseline","Lactobacillus","g__Lactobacillus",0.0538923946526303,15217876.1676187,16.5379813584545
"107","2-C-1",282375208.333333,"Fludarabine","Baseline","Clostridium","o__Clostridiales",0.0304677453120794,8603335.92994534,15.9676605848413
"108","2-C-1",282375208.333333,"Fludarabine","Baseline","Clostridium","o__Clostridiales",0.0257125340192003,7260582.15044959,15.7979705695986
"109","2-C-1",282375208.333333,"Fludarabine","Baseline","Olsenella","p__Actinobacteria",0.0245087777013488,6920671.20941371,15.7500233184701
"110","2-C-1",282375208.333333,"Fludarabine","Baseline","Olsenella","p__Actinobacteria",0.0236414750127105,6675766.43202141,15.7139945769357
"111","2-C-1",282375208.333333,"Fludarabine","Baseline","Sangeribacter","p__Bacteroidetes",0.0162918324012322,4600409.56842968,15.3416558941109
"112","2-C-1",282375208.333333,"Fludarabine","Baseline","Ruminiclostridium","o__Clostridiales",0.0153273319974878,4328058.56598478,15.2806296312988
"113","2-C-1",282375208.333333,"Fludarabine","Baseline","Marvinbryantia","f__Lachnospiraceae",0.0151329365672758,4273166.11587961,15.2678655895737
"114","2-C-1",282375208.333333,"Fludarabine","Baseline","Sangeribacter","p__Bacteroidetes",0.014579657265903,4116933.75788795,15.2306192107241
"115","2-C-1",282375208.333333,"Fludarabine","Baseline","Marvinbryantia","f__Lachnospiraceae",0.0139217035021084,3931143.92676275,15.1844410170033
"116","2-C-1",282375208.333333,"Fludarabine","Baseline","Ruminiclostridium","o__Clostridiales",0.0134955289051051,3810802.78614757,15.1533504299333
"117","2-C-1",282375208.333333,"Fludarabine","Baseline","Clostridium","o__Clostridiales",0.01168615605467,3299880.75055328,15.0093968895878
"118","2-C-1",282375208.333333,"Fludarabine","Baseline","Clostridium","o__Clostridiales",0.0111553069952448,3149982.13680454,14.96290733993
"119","2-C-1",282375208.333333,"Fludarabine","Baseline","Clostridium","o__Clostridiales",0.0102580973173431,2896632.36708836,14.8790593674522
"120","2-C-1",282375208.333333,"Fludarabine","Baseline","Clostridium","o__Clostridiales",0.00941322487065227,2658061.33393894,14.7931075932107
"121","2-D-1",3475078095.2381,"Fludarabine","Baseline","Lactobacillus","g__Lactobacillus",0.111304543157185,386791979.826018,19.7733975866491
"122","2-D-1",3475078095.2381,"Fludarabine","Baseline","Turicibacter","o__Erysipelotrichales",0.0974967709327792,338808893.024948,19.6409467689955
"123","2-D-1",3475078095.2381,"Fludarabine","Baseline","Lactobacillus","g__Lactobacillus",0.0913545235019936,317464103.522692,19.5758753101342
"124","2-D-1",3475078095.2381,"Fludarabine","Baseline","Turicibacter","o__Erysipelotrichales",0.0857036558656708,297826897.180617,19.5120229937482
"125","2-D-1",3475078095.2381,"Fludarabine","Baseline","Duncaniella","p__Bacteroidetes",0.0721275341157972,250648813.869346,19.3395633694437
"126","2-D-1",3475078095.2381,"Fludarabine","Baseline","Duncaniella","p__Bacteroidetes",0.0578985792104229,201202084.359549,19.1198203557761
"127","2-D-1",3475078095.2381,"Fludarabine","Baseline","Olsenella","p__Actinobacteria",0.0349722019430561,121531132.914558,18.6156810259014
"128","2-D-1",3475078095.2381,"Fludarabine","Baseline","Olsenella","p__Actinobacteria",0.0302830347616106,105235910.757407,18.4717151570284
"129","2-D-1",3475078095.2381,"Fludarabine","Baseline","Clostridium","o__Clostridiales",0.0227368450609311,79012312.2260643,18.1851142492506
"130","2-D-1",3475078095.2381,"Fludarabine","Baseline","Clostridium","o__Clostridiales",0.0179213230751951,62277997.2562956,17.9471187473208
"131","2-D-1",3475078095.2381,"Fludarabine","Baseline","Ruminiclostridium","o__Clostridiales",0.0166507553209412,57862675.084972,17.8735830901969
"132","2-D-1",3475078095.2381,"Fludarabine","Baseline","Ruminiclostridium","o__Clostridiales",0.0140324029875892,48763696.2457249,17.7024966645797
"133","2-D-1",3475078095.2381,"Fludarabine","Baseline","Sangeribacter","p__Bacteroidetes",0.0129794462851688,45104589.4739097,17.6244945614664
"134","2-D-1",3475078095.2381,"Fludarabine","Baseline","Duncaniella","p__Bacteroidetes",0.0120177458302915,41762605.288985,17.547511886781
"135","2-D-1",3475078095.2381,"Fludarabine","Baseline","Sangeribacter","p__Bacteroidetes",0.0119756275621946,41616241.0181121,17.5440010581309
"136","2-D-1",3475078095.2381,"Fludarabine","Baseline","Duncaniella","p__Bacteroidetes",0.0105436064469029,36639855.8084435,17.4166471624034
"137","2-D-1",3475078095.2381,"Fludarabine","Baseline","Clostridium","o__Clostridiales",0.00862020553714831,29955887.4385943,17.2152364387864
"138","2-D-1",3475078095.2381,"Fludarabine","Baseline","Clostridium","o__Clostridiales",0.00825518054697591,28687397.0910317,17.1719684585379
"139","2-D-1",3475078095.2381,"Fludarabine","Baseline","Sporofaciens","f__Lachnospiraceae",0.00806564834054024,28028757.8721049,17.1487416079281
"140","2-D-1",3475078095.2381,"Fludarabine","Baseline","Sporofaciens","f__Lachnospiraceae",0.00750407143258269,26077234.2604701,17.0765732411044
"141","1-A-2",499332627.627627,"Control","1d","Turicibacter","o__Erysipelotrichales",0.176737324777816,88250712.7811841,18.2956923305857
"142","1-A-2",499332627.627627,"Control","1d","Turicibacter","o__Erysipelotrichales",0.176512052088859,88138226.7774745,18.2944168989261
"143","1-A-2",499332627.627627,"Control","1d","Duncaniella","p__Bacteroidetes",0.100406217526215,50136100.427516,17.7302518739865
"144","1-A-2",499332627.627627,"Control","1d","Duncaniella","p__Bacteroidetes",0.078053353292978,38974585.9949302,17.4784203505279
"145","1-A-2",499332627.627627,"Control","1d","Lactobacillus","g__Lactobacillus",0.0471764611840623,23556746.3252106,16.9749228055643
"146","1-A-2",499332627.627627,"Control","1d","Lactobacillus","g__Lactobacillus",0.0427436760142721,21343312.0586704,16.8762489960438
"147","1-A-2",499332627.627627,"Control","1d","Sporofaciens","f__Lachnospiraceae",0.0273015965293472,13632577.9334282,16.4279729225038
"148","1-A-2",499332627.627627,"Control","1d","Sporofaciens","f__Lachnospiraceae",0.0257537551503877,12859690.2305216,16.3696081886548
"149","1-A-2",499332627.627627,"Control","1d","Duncaniella","p__Bacteroidetes",0.0112563675868935,5620671.60470598,15.5419617173467
"150","1-A-2",499332627.627627,"Control","1d","Duncaniella","p__Bacteroidetes",0.0103480099701332,5167099.00910349,15.4578219689018
"151","1-A-2",499332627.627627,"Control","1d","Marvinbryantia","f__Lachnospiraceae",0.00834235635232649,4165610.71801321,15.2423734538094
"152","1-A-2",499332627.627627,"Control","1d","Marvinbryantia","f__Lachnospiraceae",0.00772467317292949,3857181.35300352,15.1654472552718
"153","1-A-2",499332627.627627,"Control","1d","Breznakia","o__Erysipelotrichales",0.00679451497336695,3392723.01510657,15.0371434062185
"154","1-A-2",499332627.627627,"Control","1d","Sangeribacter","p__Bacteroidetes",0.006445705648531,3218551.13839522,14.9844418592394
"155","1-A-2",499332627.627627,"Control","1d","Muribaculum","p__Bacteroidetes",0.00637303703919018,3182265.33074702,14.973103869302
"156","1-A-2",499332627.627627,"Control","1d","Muribaculum","p__Bacteroidetes",0.00637303703919018,3182265.33074702,14.973103869302
"157","1-A-2",499332627.627627,"Control","1d","Anaerobacterium","o__Clostridiales",0.00620589923770629,3098807.97315617,14.9465280707184
"158","1-A-2",499332627.627627,"Control","1d","Sangeribacter","p__Bacteroidetes",0.00583528933006809,2913750.35415035,14.8849515908766
"159","1-A-2",499332627.627627,"Control","1d","Anaerobacterium","o__Clostridiales",0.00568268525045236,2837550.15808913,14.8584516174752
"160","1-A-2",499332627.627627,"Control","1d","Breznakia","o__Erysipelotrichales",0.00555914861457296,2775864.2850872,14.8364727107564
"161","1-B-2",543187464.635473,"Control","1d","Lactobacillus","g__Lactobacillus",0.212814839305849,115598352.99935,18.5656322666906
"162","1-B-2",543187464.635473,"Control","1d","Lactobacillus","g__Lactobacillus",0.18815331010453,102202519.478452,18.442466887861
"163","1-B-2",543187464.635473,"Control","1d","Duncaniella","p__Bacteroidetes",0.103775104487228,56369335.8986987,17.847435878876
"164","1-B-2",543187464.635473,"Control","1d","Duncaniella","p__Bacteroidetes",0.0822079232262604,44654313.39022,17.6144614651051
"165","1-B-2",543187464.635473,"Control","1d","Turicibacter","o__Erysipelotrichales",0.0418627126834355,22739300.7652786,16.9396052967057
"166","1-B-2",543187464.635473,"Control","1d","Turicibacter","o__Erysipelotrichales",0.0362928863908034,19713840.9429238,16.7968315329455
"167","1-B-2",543187464.635473,"Control","1d","Marvinbryantia","f__Lachnospiraceae",0.0114618038776842,6225908.18846831,15.6442298834034
"168","1-B-2",543187464.635473,"Control","1d","Clostridium","o__Clostridiales",0.00967301643819358,5254261.27443962,15.4745499766626
"169","1-B-2",543187464.635473,"Control","1d","Marvinbryantia","f__Lachnospiraceae",0.0094695524640335,5143742.19417095,15.4532914258697
"170","1-B-2",543187464.635473,"Control","1d","Mediterraneibacter","f__Lachnospiraceae",0.00930847681782344,5056247.92229159,15.43613524887
"171","1-B-2",543187464.635473,"Control","1d","Duncaniella","p__Bacteroidetes",0.00885916054155328,4812184.95336495,15.3866617911994
"172","1-B-2",543187464.635473,"Control","1d","Clostridium","o__Clostridiales",0.00846071025882313,4595751.75450547,15.340642903112
"173","1-B-2",543187464.635473,"Control","1d","Mediterraneibacter","f__Lachnospiraceae",0.008121603635223,4411553.28739102,15.2997374047714
"174","1-B-2",543187464.635473,"Control","1d","Duncaniella","p__Bacteroidetes",0.00748577871597277,4066181.16155143,15.2182148274045
"175","1-B-2",543187464.635473,"Control","1d","Eubacterium","o__Clostridiales",0.00507812168841188,2758372.04503886,14.830151224916
"176","1-B-2",543187464.635473,"Control","1d","Enterocloster","f__Lachnospiraceae",0.00495943437015183,2693902.5815488,14.8065014740324
"177","1-B-2",543187464.635473,"Control","1d","Mediterraneibacter","f__Lachnospiraceae",0.00483226938630179,2624828.15638088,14.7805259876291
"178","1-B-2",543187464.635473,"Control","1d","Eubacterium","o__Clostridiales",0.00478140339276177,2597198.38631371,14.7699438782986
"179","1-B-2",543187464.635473,"Control","1d","Enterocloster","f__Lachnospiraceae",0.00467967140568173,2541938.84617938,14.7484376730776
"180","1-B-2",543187464.635473,"Control","1d","Muribaculum","p__Bacteroidetes",0.00436599777885162,2371555.26409852,14.6790565274643
"181","1-C-2",629384379.232506,"Control","1d","Lactobacillus","g__Lactobacillus",0.225315776702129,141810230.250959,18.7700003150943
"182","1-C-2",629384379.232506,"Control","1d","Lactobacillus","g__Lactobacillus",0.171981762219185,108242634.653634,18.4998858823809
"183","1-C-2",629384379.232506,"Control","1d","Turicibacter","o__Erysipelotrichales",0.135940433466583,85558785.3299632,18.2647142453732
"184","1-C-2",629384379.232506,"Control","1d","Duncaniella","p__Bacteroidetes",0.0999246478243656,62891012.4409651,17.9569138249903
"185","1-C-2",629384379.232506,"Control","1d","Turicibacter","o__Erysipelotrichales",0.0989667811849449,62288146.1407258,17.9472816950396
"186","1-C-2",629384379.232506,"Control","1d","Duncaniella","p__Bacteroidetes",0.0722231446123194,45456119.0380442,17.6322580018258
"187","1-C-2",629384379.232506,"Control","1d","Olsenella","p__Actinobacteria",0.0162454182045748,10224612.4520588,16.1403083571757
"188","1-C-2",629384379.232506,"Control","1d","Sporofaciens","f__Lachnospiraceae",0.0118647747736242,7467503.90563097,15.8260713520895
"189","1-C-2",629384379.232506,"Control","1d","Olsenella","p__Actinobacteria",0.01167320144574,7346930.64558306,15.8097931847298
"190","1-C-2",629384379.232506,"Control","1d","Duncaniella","p__Bacteroidetes",0.00956589483901455,6020624.78505661,15.6107015967928
"191","1-C-2",629384379.232506,"Control","1d","Sporofaciens","f__Lachnospiraceae",0.00734364423555856,4621974.9685014,15.346332654073
"192","1-C-2",629384379.232506,"Control","1d","Duncaniella","p__Bacteroidetes",0.00650072159286836,4091452.6242908,15.2244106298262
"193","1-C-2",629384379.232506,"Control","1d","Muribaculum","p__Bacteroidetes",0.00521079451844851,3279592.67330186,15.0032297876798
"194","1-C-2",629384379.232506,"Control","1d","Mediterraneibacter","f__Lachnospiraceae",0.00507030741133348,3191172.2826001,14.9758988939628
"195","1-C-2",629384379.232506,"Control","1d","Muribaculum","p__Bacteroidetes",0.00392086744402866,2467732.72231292,14.7188103608628
"196","1-C-2",629384379.232506,"Control","1d","Mediterraneibacter","f__Lachnospiraceae",0.0037420656713368,2355197.67960158,14.6721352222927
"197","1-C-2",629384379.232506,"Control","1d","Duncaniella","p__Bacteroidetes",0.00307794480133846,1937210.37810233,14.4767595467663
"198","1-C-2",629384379.232506,"Control","1d","Adlercreutzia","p__Actinobacteria",0.00287359991826205,1808598.90071794,14.40806301548
"199","1-C-2",629384379.232506,"Control","1d","Akkermansia","g__Akkermansia",0.0024776817073015,1559414.16328569,14.259820772339
"200","1-C-2",629384379.232506,"Control","1d","Sangeribacter","p__Bacteroidetes",0.00241382393134012,1519223.07660307,14.2337096283353
"201","2-A-2",372599818.308874,"Fludarabine","1d","Lactobacillus","g__Lactobacillus",0.197940152119941,73752464.715921,18.1162249725027
"202","2-A-2",372599818.308874,"Fludarabine","1d","Lactobacillus","g__Lactobacillus",0.178297905938292,66433767.3574604,18.0117160297218
"203","2-A-2",372599818.308874,"Fludarabine","1d","Turicibacter","o__Erysipelotrichales",0.0785602119502759,29271520.6989795,17.192125611503
"204","2-A-2",372599818.308874,"Fludarabine","1d","Turicibacter","o__Erysipelotrichales",0.0697347989718306,25983173.42671,17.0729597105813
"205","2-A-2",372599818.308874,"Fludarabine","1d","Marvinbryantia","f__Lachnospiraceae",0.0680855170235724,25368651.2724489,17.0490247678623
"206","2-A-2",372599818.308874,"Fludarabine","1d","Marvinbryantia","f__Lachnospiraceae",0.0602602005456667,22452939.7745718,16.926932111222
"207","2-A-2",372599818.308874,"Fludarabine","1d","Mediterraneibacter","f__Lachnospiraceae",0.0246865925659493,9198219.90473792,16.0345205346825
"208","2-A-2",372599818.308874,"Fludarabine","1d","Mediterraneibacter","f__Lachnospiraceae",0.0216950758406513,8083581.31642393,15.9053455645296
"209","2-A-2",372599818.308874,"Fludarabine","1d","Sporofaciens","f__Lachnospiraceae",0.00840431971506022,3131447.99884113,14.957006074979
"210","2-A-2",372599818.308874,"Fludarabine","1d","Faecalicatena","f__Lachnospiraceae",0.00835168305713709,3111835.58966259,14.9507233317995
"211","2-A-2",372599818.308874,"Fludarabine","1d","Sporofaciens","f__Lachnospiraceae",0.00798322645167516,2974548.72541277,14.905602896519
"212","2-A-2",372599818.308874,"Fludarabine","1d","Enterocloster","f__Lachnospiraceae",0.00786040758318785,2928786.43732949,14.8900987099831
"213","2-A-2",372599818.308874,"Fludarabine","1d","Faecalicatena","f__Lachnospiraceae",0.00782531647790576,2915711.49787713,14.8856244295882
"214","2-A-2",372599818.308874,"Fludarabine","1d","Anaerobacterium","o__Clostridiales",0.00738667766187965,2752274.75472258,14.8279383112505
"215","2-A-2",372599818.308874,"Fludarabine","1d","Faecalicatena","f__Lachnospiraceae",0.00714981270122556,2664018.91341913,14.795346410249
"216","2-A-2",372599818.308874,"Fludarabine","1d","Enterocloster","f__Lachnospiraceae",0.00678135609576363,2526732.04916931,14.7424373455956
"217","2-A-2",372599818.308874,"Fludarabine","1d","Anaerobacterium","o__Clostridiales",0.00663221889831475,2471163.55649676,14.7201996731877
"218","2-A-2",372599818.308874,"Fludarabine","1d","Kineothrix","f__Lachnospiraceae",0.00621112563492969,2314264.2830684,14.6546023907019
"219","2-A-2",372599818.308874,"Fludarabine","1d","Kineothrix","f__Lachnospiraceae",0.00610585231908342,2275039.4647113,14.6375079573426
"220","2-A-2",372599818.308874,"Fludarabine","1d","Faecalicatena","f__Lachnospiraceae",0.0056233496214547,2095259.0472413,14.5551877539288
"221","2-B-2",401.000158696916,"Fludarabine","1d","Marvinbryantia","f__Lachnospiraceae",0.0739212640486951,29.6424386146034,3.38920707149034
"222","2-B-2",401.000158696916,"Fludarabine","1d","Mediterraneibacter","f__Lachnospiraceae",0.0686848523613054,27.5426366969577,3.31573522934794
"223","2-B-2",401.000158696916,"Fludarabine","1d","Marvinbryantia","f__Lachnospiraceae",0.064291889536314,25.7810579069865,3.24964003262667
"224","2-B-2",401.000158696916,"Fludarabine","1d","Mediterraneibacter","f__Lachnospiraceae",0.0602925361804418,24.1773165765967,3.18541486204713
"225","2-B-2",401.000158696916,"Fludarabine","1d","Lactobacillus","g__Lactobacillus",0.0314325276053784,12.6044485580019,2.53404981180524
"226","2-B-2",401.000158696916,"Fludarabine","1d","Duncaniella","p__Bacteroidetes",0.0281360483015049,11.2825598340076,2.42325815596288
"227","2-B-2",401.000158696916,"Fludarabine","1d","Lactobacillus","g__Lactobacillus",0.0273558581037864,10.9697034409087,2.3951372402762
"228","2-B-2",401.000158696916,"Fludarabine","1d","Turicibacter","o__Erysipelotrichales",0.0268357313053074,10.7611325121761,2.375940801256
"229","2-B-2",401.000158696916,"Fludarabine","1d","Duncaniella","p__Bacteroidetes",0.0233424472668742,9.36032505839094,2.23648001834705
"230","2-B-2",401.000158696916,"Fludarabine","1d","Turicibacter","o__Erysipelotrichales",0.0232299874185545,9.31522864136772,2.2316505492561
"231","2-B-2",401.000158696916,"Fludarabine","1d","Clostridium","o__Clostridiales",0.0177616272940052,7.12241536361156,1.9632469043585
"232","2-B-2",401.000158696916,"Fludarabine","1d","Clostridium","o__Clostridiales",0.0153999704792898,6.17539060612303,1.82057213656577
"233","2-B-2",401.000158696916,"Fludarabine","1d","Kineothrix","f__Lachnospiraceae",0.0141980558503722,5.69342264918693,1.73931158736556
"234","2-B-2",401.000158696916,"Fludarabine","1d","Kineothrix","f__Lachnospiraceae",0.0134389518742137,5.38902183427991,1.68436389058166
"235","2-B-2",401.000158696916,"Fludarabine","1d","Gracilibacter","o__Clostridiales",0.0102549324186599,4.11222952730877,1.41396534549309
"236","2-B-2",401.000158696916,"Fludarabine","1d","Romboutsia","o__Clostridiales",0.0097980642848608,3.92902533315177,1.36839138829078
"237","2-B-2",401.000158696916,"Fludarabine","1d","Romboutsia","o__Clostridiales",0.00931308118898175,3.73454703473894,1.31762653539063
"238","2-B-2",401.000158696916,"Fludarabine","1d","Eubacterium","o__Clostridiales",0.00850477602918333,3.41041653738424,1.2268344355611
"239","2-B-2",401.000158696916,"Fludarabine","1d","Ruminococcus","f__Ruminococcaceae",0.00802682167382427,3.21875676503538,1.16899518718626
"240","2-B-2",401.000158696916,"Fludarabine","1d","Ruminococcus","f__Ruminococcaceae",0.00794247678758443,3.18493445226793,1.15843170867669
"241","2-C-2",255914266.666667,"Fludarabine","1d","Turicibacter","o__Erysipelotrichales",0.123839104025459,31692193.4913324,17.2715809464169
"242","2-C-2",255914266.666667,"Fludarabine","1d","Turicibacter","o__Erysipelotrichales",0.12207194112517,31239951.2936244,17.2572083238316
"243","2-C-2",255914266.666667,"Fludarabine","1d","Lactobacillus","g__Lactobacillus",0.0804020869352346,20576041.1165001,16.8396379042922
"244","2-C-2",255914266.666667,"Fludarabine","1d","Lactobacillus","g__Lactobacillus",0.0776786670542695,19879079.1148375,16.8051784359285
"245","2-C-2",255914266.666667,"Fludarabine","1d","Kineothrix","f__Lachnospiraceae",0.031694181367524,8110993.18227023,15.9087308824986
"246","2-C-2",255914266.666667,"Fludarabine","1d","Kineothrix","f__Lachnospiraceae",0.0316559310882969,8101204.39011204,15.9075232987267
"247","2-C-2",255914266.666667,"Fludarabine","1d","Marvinbryantia","f__Lachnospiraceae",0.0306537737725485,7844738.03556765,15.8753535510573
"248","2-C-2",255914266.666667,"Fludarabine","1d","Marvinbryantia","f__Lachnospiraceae",0.0295215655074282,7554989.78768545,15.8377188019588
"249","2-C-2",255914266.666667,"Fludarabine","1d","Mediterraneibacter","f__Lachnospiraceae",0.0140072522529414,3584655.68832651,15.0921729850957
"250","2-C-2",255914266.666667,"Fludarabine","1d","Mediterraneibacter","f__Lachnospiraceae",0.013716550130816,3510260.86792435,15.0712009140263
"251","2-C-2",255914266.666667,"Fludarabine","1d","Lachnoclostridium","f__Lachnospiraceae",0.0136782998515889,3500472.07576615,15.0684083961546
"252","2-C-2",255914266.666667,"Fludarabine","1d","Lachnoclostridium","f__Lachnospiraceae",0.0131657461099466,3369302.2608465,15.0302162366327
"253","2-C-2",255914266.666667,"Fludarabine","1d","Kineothrix","f__Lachnospiraceae",0.0119799874539084,3065849.70394284,14.9358353169719
"254","2-C-2",255914266.666667,"Fludarabine","1d","Kineothrix","f__Lachnospiraceae",0.0114521336005753,2930764.37215992,14.8907738248408
"255","2-C-2",255914266.666667,"Fludarabine","1d","Kineothrix","f__Lachnospiraceae",0.010939579858933,2799594.55724028,14.8449851636751
"256","2-C-2",255914266.666667,"Fludarabine","1d","Bilifractor","f__Lachnospiraceae",0.010526476843281,2693875.60193191,14.8064914589145
"257","2-C-2",255914266.666667,"Fludarabine","1d","Bilifractor","f__Lachnospiraceae",0.0104958766198993,2686044.56820534,14.803580248707
"258","2-C-2",255914266.666667,"Fludarabine","1d","Kineothrix","f__Lachnospiraceae",0.0101210238834743,2590114.40505514,14.7672126045361
"259","2-C-2",255914266.666667,"Fludarabine","1d","Clostridium","o__Clostridiales",0.0100751235484019,2578367.85446534,14.7626671421645
"260","2-C-2",255914266.666667,"Fludarabine","1d","Clostridium","o__Clostridiales",0.00940191863400603,2406085.11248132,14.6935115499872
"261","2-D-2",116038289.650538,"Fludarabine","1d","Lactobacillus","g__Lactobacillus",0.173931770435027,20182745.1571705,16.8203385971945
"262","2-D-2",116038289.650538,"Fludarabine","1d","Lactobacillus","g__Lactobacillus",0.129022617195397,14971563.8255899,16.5216632149071
"263","2-D-2",116038289.650538,"Fludarabine","1d","Marvinbryantia","f__Lachnospiraceae",0.0727565201339627,8442542.15726993,15.9487940246875
"264","2-D-2",116038289.650538,"Fludarabine","1d","Marvinbryantia","f__Lachnospiraceae",0.0585075991315278,6789121.73478176,15.7308321443031
"265","2-D-2",116038289.650538,"Fludarabine","1d","Turicibacter","o__Erysipelotrichales",0.044715768747308,5188741.32584658,15.4620017066249
"266","2-D-2",116038289.650538,"Fludarabine","1d","Duncaniella","p__Bacteroidetes",0.0439334405738245,5097961.30265013,15.444351273197
"267","2-D-2",116038289.650538,"Fludarabine","1d","Turicibacter","o__Erysipelotrichales",0.0374462698768492,4345201.11030203,15.2845826010655
"268","2-D-2",116038289.650538,"Fludarabine","1d","Akkermansia","g__Akkermansia",0.0227666288687886,2641800.67504278,14.7869713164957
"269","2-D-2",116038289.650538,"Fludarabine","1d","Mediterraneibacter","f__Lachnospiraceae",0.0212019725218217,2460240.62864989,14.7157697196492
"270","2-D-2",116038289.650538,"Fludarabine","1d","Mediterraneibacter","f__Lachnospiraceae",0.016947513690743,1966560.50250289,14.4917966369726
"271","2-D-2",116038289.650538,"Fludarabine","1d","Duncaniella","p__Bacteroidetes",0.0158487381661876,1839060.46992361,14.4247653850054
"272","2-D-2",116038289.650538,"Fludarabine","1d","Akkermansia","g__Akkermansia",0.0140027952849345,1624860.41519041,14.3009324717121
"273","2-D-2",116038289.650538,"Fludarabine","1d","Breznakia","o__Erysipelotrichales",0.0133699005827905,1551420.39642474,14.2546814540614
"274","2-D-2",116038289.650538,"Fludarabine","1d","Guopingia","other__other",0.0129216001687719,1499400.38313239,14.2205758415749
"275","2-D-2",116038289.650538,"Fludarabine","1d","Clostridium","o__Clostridiales",0.0109262238161792,1267860.3239684,14.0528412533128
"276","2-D-2",116038289.650538,"Fludarabine","1d","Guopingia","other__other",0.00985381890421315,1143420.29217103,13.9495345848742
"277","2-D-2",116038289.650538,"Fludarabine","1d","Breznakia","o__Erysipelotrichales",0.00973075604546294,1129140.28852215,13.9369670945107
"278","2-D-2",116038289.650538,"Fludarabine","1d","Alistipes","p__Bacteroidetes",0.00908028093492612,1053660.26923521,13.8677806309217
"279","2-D-2",116038289.650538,"Fludarabine","1d","Duncaniella","p__Bacteroidetes",0.00879020419644348,1020000.26063428,13.8353134407842
"280","2-D-2",116038289.650538,"Fludarabine","1d","Clostridium","o__Clostridiales",0.00805182704394223,934320.238741,13.7475745264762
"281","1-A-3",297692368.421053,"Control","4d","Duncaniella","p__Bacteroidetes",0.0948204441399072,28227322.5907452,17.1558009530377
"282","1-A-3",297692368.421053,"Control","4d","Duncaniella","p__Bacteroidetes",0.0884480019933348,26330295.1955059,17.0862307427847
"283","1-A-3",297692368.421053,"Control","4d","Lactobacillus","g__Lactobacillus",0.0820817890179712,24435122.176997,17.0115320887556
"284","1-A-3",297692368.421053,"Control","4d","Lactobacillus","g__Lactobacillus",0.0790668701529262,23537603.8394645,16.9741098635985
"285","1-A-3",297692368.421053,"Control","4d","Turicibacter","o__Erysipelotrichales",0.0730432615940449,21744421.5411298,16.8948678017345
"286","1-A-3",297692368.421053,"Control","4d","Turicibacter","o__Erysipelotrichales",0.0692808421839474,20624377.9959445,16.8419843319579
"287","1-A-3",297692368.421053,"Control","4d","Marvinbryantia","f__Lachnospiraceae",0.0218270159155324,6497736.06345886,15.6869643762666
"288","1-A-3",297692368.421053,"Control","4d","Marvinbryantia","f__Lachnospiraceae",0.0215030990126764,6401308.47347605,15.6720129764137
"289","1-A-3",297692368.421053,"Control","4d","Duncaniella","p__Bacteroidetes",0.0123835923630361,3686500.94011308,15.1201883114269
"290","1-A-3",297692368.421053,"Control","4d","Duncaniella","p__Bacteroidetes",0.0118665711527081,3532587.67148662,15.0775412117712
"291","1-A-3",297692368.421053,"Control","4d","Mediterraneibacter","f__Lachnospiraceae",0.0110505497243592,3289664.31979911,15.0062960870799
"292","1-A-3",297692368.421053,"Control","4d","Mediterraneibacter","f__Lachnospiraceae",0.0107266328215031,3193236.72981626,14.976545609198
"293","1-A-3",297692368.421053,"Control","4d","Anaerostipes","f__Lachnospiraceae",0.0100040489612857,2978129.02908532,14.9068058187171
"294","1-A-3",297692368.421053,"Control","4d","Anaerostipes","f__Lachnospiraceae",0.00994798642040677,2961439.63851137,14.9011860724254
"295","1-A-3",297692368.421053,"Control","4d","Muribaculum","p__Bacteroidetes",0.00991684056436291,2952167.75485917,14.8980502906147
"296","1-A-3",297692368.421053,"Control","4d","Muribaculum","p__Bacteroidetes",0.00916311084810166,2727788.17047603,14.8190016448118
"297","1-A-3",297692368.421053,"Control","4d","Murimonas","f__Lachnospiraceae",0.00696421341140561,2073193.184631,14.5446005779254
"298","1-A-3",297692368.421053,"Control","4d","Murimonas","f__Lachnospiraceae",0.00684585915843897,2037960.02675266,14.527459878614
"299","1-A-3",297692368.421053,"Control","4d","Eggerthella","p__Actinobacteria",0.0063724421465724,1897027.39523928,14.455798690162
"300","1-A-3",297692368.421053,"Control","4d","Sangeribacter","p__Bacteroidetes",0.00621671286635313,1850667.9769783,14.4310572005218
"301","1-B-3",21668.0241078175,"Control","4d","Lactobacillus","g__Lactobacillus",0.0808630724910342,1752.14300416792,7.46859489154885
"302","1-B-3",21668.0241078175,"Control","4d","Lactobacillus","g__Lactobacillus",0.0774766300194015,1678.76548705285,7.42581397314283
"303","1-B-3",21668.0241078175,"Control","4d","Duncaniella","p__Bacteroidetes",0.0753777411958375,1633.28671342423,7.39834965222177
"304","1-B-3",21668.0241078175,"Control","4d","Duncaniella","p__Bacteroidetes",0.0700805455935093,1518.50695140916,7.3254828622884
"305","1-B-3",21668.0241078175,"Control","4d","Mariniplasma","other__other",0.0171262272914339,371.091505826752,5.9164486786285
"306","1-B-3",21668.0241078175,"Control","4d","Mariniplasma","other__other",0.0171027103298254,370.581939735676,5.91507458016427
"307","1-B-3",21668.0241078175,"Control","4d","Gracilibacter","o__Clostridiales",0.016038567817038,347.524074114445,5.85083394063242
"308","1-B-3",21668.0241078175,"Control","4d","Gracilibacter","o__Clostridiales",0.0130048797695338,281.790048365526,5.64116228431129
"309","1-B-3",21668.0241078175,"Control","4d","Muribaculum","p__Bacteroidetes",0.0110176965136104,238.731713669527,5.47534038446743
"310","1-B-3",21668.0241078175,"Control","4d","Muribaculum","p__Bacteroidetes",0.0100946557704745,218.73124459476,5.38784378256655
"311","1-B-3",21668.0241078175,"Control","4d","Duncaniella","p__Bacteroidetes",0.00901287553648069,195.291204405222,5.27449180054088
"312","1-B-3",21668.0241078175,"Control","4d","Clostridium","o__Clostridiales",0.00840731377506026,182.169877559992,5.20493964492302
"313","1-B-3",21668.0241078175,"Control","4d","Alistipes","p__Bacteroidetes",0.00836615909224528,181.278136900607,5.20003251975892
"314","1-B-3",21668.0241078175,"Control","4d","Duncaniella","p__Bacteroidetes",0.00818390263977894,177.328999694761,5.17800676256343
"315","1-B-3",21668.0241078175,"Control","4d","Clostridium","o__Clostridiales",0.008060438591334,174.653777716608,5.16280560123138
"316","1-B-3",21668.0241078175,"Control","4d","Alistipes","p__Bacteroidetes",0.00787818213886766,170.704640510762,5.13993481461402
"317","1-B-3",21668.0241078175,"Control","4d","Enterocloster","f__Lachnospiraceae",0.00758422011876066,164.3350643723,5.10190741902478
"318","1-B-3",21668.0241078175,"Control","4d","Clostridium","o__Clostridiales",0.00727849961784937,157.710705188301,5.06076237491361
"319","1-B-3",21668.0241078175,"Control","4d","Alistipes","p__Bacteroidetes",0.00721970721382797,156.436789960608,5.05265203037615
"320","1-B-3",21668.0241078175,"Control","4d","Enterocloster","f__Lachnospiraceae",0.00690810747251455,149.685039253839,5.00853334824732
"321","1-C-3",887551371.045063,"Control","4d","Lactobacillus","g__Lactobacillus",0.189368982255113,168074699.833934,18.9399190804123
"322","1-C-3",887551371.045063,"Control","4d","Lactobacillus","g__Lactobacillus",0.167263467812525,148454920.182758,18.8157919023281
"323","1-C-3",887551371.045063,"Control","4d","Duncaniella","p__Bacteroidetes",0.132720617490252,117796366.01942,18.5844679799744
"324","1-C-3",887551371.045063,"Control","4d","Duncaniella","p__Bacteroidetes",0.111299435028249,98783966.1558633,18.4084458636765
"325","1-C-3",887551371.045063,"Control","4d","Olsenella","p__Actinobacteria",0.0298559719901329,26498708.8737254,17.0926065680233
"326","1-C-3",887551371.045063,"Control","4d","Ruminiclostridium","o__Clostridiales",0.0289010901567598,25651202.1933291,17.0601009976184
"327","1-C-3",887551371.045063,"Control","4d","Olsenella","p__Actinobacteria",0.0272618763428026,24196315.7253154,17.0017109367812
"328","1-C-3",887551371.045063,"Control","4d","Ruminiclostridium","o__Clostridiales",0.025742022758017,22847367.5923512,16.9443464648322
"329","1-C-3",887551371.045063,"Control","4d","Sporofaciens","f__Lachnospiraceae",0.022415851038434,19895219.322304,16.8059900257736
"330","1-C-3",887551371.045063,"Control","4d","Sporofaciens","f__Lachnospiraceae",0.0195671202355375,17366824.3924549,16.6700723001134
"331","1-C-3",887551371.045063,"Control","4d","Duncaniella","p__Bacteroidetes",0.0160897588923371,14280487.5646783,16.4744046574776
"332","1-C-3",887551371.045063,"Control","4d","Turicibacter","o__Erysipelotrichales",0.0155009150950903,13757858.4451005,16.4371207420997
"333","1-C-3",887551371.045063,"Control","4d","Duncaniella","p__Bacteroidetes",0.0139890188589162,12415972.8678063,16.3344943361423
"334","1-C-3",887551371.045063,"Control","4d","Turicibacter","o__Erysipelotrichales",0.0134240471075038,11914531.4152385,16.2932693404432
"335","1-C-3",887551371.045063,"Control","4d","Muribaculum","p__Bacteroidetes",0.0111243733587968,9873452.82661727,16.1053601806909
"336","1-C-3",887551371.045063,"Control","4d","Muribaculum","p__Bacteroidetes",0.0097716240948516,8672818.36272251,15.9757043666043
"337","1-C-3",887551371.045063,"Control","4d","Duncaniella","p__Bacteroidetes",0.00546669849606111,4851975.74526902,15.3948965501195
"338","1-C-3",887551371.045063,"Control","4d","Sangeribacter","p__Bacteroidetes",0.00505291636826609,4484722.85043061,15.3161872567899
"339","1-C-3",887551371.045063,"Control","4d","Duncaniella","p__Bacteroidetes",0.0048858120474258,4336409.18136125,15.2825571860443
"340","1-C-3",887551371.045063,"Control","4d","Sangeribacter","p__Bacteroidetes",0.00432084029601337,3834967.72879342,15.1596715778311
"341","2-A-3",893871315.136477,"Fludarabine","4d","Duncaniella","p__Bacteroidetes",0.143400743939459,128181811.576713,18.6689602170089
"342","2-A-3",893871315.136477,"Fludarabine","4d","Duncaniella","p__Bacteroidetes",0.120868784471333,108041139.334338,18.4980226323194
"343","2-A-3",893871315.136477,"Fludarabine","4d","Akkermansia","g__Akkermansia",0.103114712044123,92171283.2647994,18.3391591786764
"344","2-A-3",893871315.136477,"Fludarabine","4d","Lactobacillus","g__Lactobacillus",0.09802685022874,87623389.5326503,18.2885585240648
"345","2-A-3",893871315.136477,"Fludarabine","4d","Lactobacillus","g__Lactobacillus",0.0939223566633888,83954500.4714206,18.2457855490017
"346","2-A-3",893871315.136477,"Fludarabine","4d","Turicibacter","o__Erysipelotrichales",0.0731326692034717,65371195.2003482,17.9955922790434
"347","2-A-3",893871315.136477,"Fludarabine","4d","Akkermansia","g__Akkermansia",0.0708345803582881,63316999.5020035,17.9636644055941
"348","2-A-3",893871315.136477,"Fludarabine","4d","Turicibacter","o__Erysipelotrichales",0.0677348326136218,60546223.9088873,17.9189176628294
"349","2-A-3",893871315.136477,"Fludarabine","4d","Sporofaciens","f__Lachnospiraceae",0.01757236307666,15707431.2933898,16.569644489122
"350","2-A-3",893871315.136477,"Fludarabine","4d","Sporofaciens","f__Lachnospiraceae",0.015338406943435,13710561.9866267,16.4336770416996
"351","2-A-3",893871315.136477,"Fludarabine","4d","Duncaniella","p__Bacteroidetes",0.0112980460900423,10098999.3169786,16.1279468993761
"352","2-A-3",893871315.136477,"Fludarabine","4d","Duncaniella","p__Bacteroidetes",0.0105070759758861,9391973.8208042,16.055366033653
"353","2-A-3",893871315.136477,"Fludarabine","4d","Adlercreutzia","p__Actinobacteria",0.00643464876651417,5751747.95536533,15.5650143588147
"354","2-A-3",893871315.136477,"Fludarabine","4d","Adlercreutzia","p__Actinobacteria",0.00627431698661764,5608431.97641105,15.539781733334
"355","2-A-3",893871315.136477,"Fludarabine","4d","Gracilibacter","o__Clostridiales",0.00539783658984993,4824971.29146096,15.3893153427812
"356","2-A-3",893871315.136477,"Fludarabine","4d","Enterocloster","f__Lachnospiraceae",0.00430758048655351,3850422.63457181,15.1636934754526
"357","2-A-3",893871315.136477,"Fludarabine","4d","Mediterraneibacter","f__Lachnospiraceae",0.0042755141305742,3821759.43878095,15.1562214606139
"358","2-A-3",893871315.136477,"Fludarabine","4d","Enterocloster","f__Lachnospiraceae",0.00402967206806619,3602008.27105105,15.0970021009539
"359","2-A-3",893871315.136477,"Fludarabine","4d","Mediterraneibacter","f__Lachnospiraceae",0.00400829449741331,3582899.47385714,15.0916829394763
"360","2-A-3",893871315.136477,"Fludarabine","4d","Duncaniella","p__Bacteroidetes",0.0037945187908846,3391811.50191809,15.0368747029813
"361","2-B-3",12961811.0089463,"Fludarabine","4d","Lactobacillus","g__Lactobacillus",0.0814217953379047,1055373.92317903,13.8694056916506
"362","2-B-3",12961811.0089463,"Fludarabine","4d","Lactobacillus","g__Lactobacillus",0.0740574771925968,959919.023169793,13.7746042090215
"363","2-B-3",12961811.0089463,"Fludarabine","4d","Duncaniella","p__Bacteroidetes",0.0634548882669756,822490.269310344,13.620091930926
"364","2-B-3",12961811.0089463,"Fludarabine","4d","Duncaniella","p__Bacteroidetes",0.0425033608684992,550920.530822532,13.219345850551
"365","2-B-3",12961811.0089463,"Fludarabine","4d","Akkermansia","g__Akkermansia",0.0402120517785124,521221.015435042,13.1639294446691
"366","2-B-3",12961811.0089463,"Fludarabine","4d","Turicibacter","o__Erysipelotrichales",0.0344457314856307,446479.061581657,13.0091477836451
"367","2-B-3",12961811.0089463,"Fludarabine","4d","Turicibacter","o__Erysipelotrichales",0.0313511959618848,406368.276962392,12.9150151135441
"368","2-B-3",12961811.0089463,"Fludarabine","4d","Olsenella","p__Actinobacteria",0.0272420586270746,353106.415418777,12.7745247505953
"369","2-B-3",12961811.0089463,"Fludarabine","4d","Clostridium","o__Clostridiales",0.0271659634912448,352120.084649451,12.7717275459743
"370","2-B-3",12961811.0089463,"Fludarabine","4d","Olsenella","p__Actinobacteria",0.0235979471223356,305872.130798823,12.6309224203947
"371","2-B-3",12961811.0089463,"Fludarabine","4d","Clostridium","o__Clostridiales",0.021687113711498,281104.269257966,12.5464809444633
"372","2-B-3",12961811.0089463,"Fludarabine","4d","Marvinbryantia","f__Lachnospiraceae",0.0179838171011135,233102.83848409,12.3592350020586
"373","2-B-3",12961811.0089463,"Fludarabine","4d","Sangeribacter","p__Bacteroidetes",0.0163097241128575,211403.561558914,12.2615241997641
"374","2-B-3",12961811.0089463,"Fludarabine","4d","Akkermansia","g__Akkermansia",0.0161744438713823,209650.084635668,12.2531951562986
"375","2-B-3",12961811.0089463,"Fludarabine","4d","Marvinbryantia","f__Lachnospiraceae",0.0151513870452259,196389.415403616,12.1878547803933
"376","2-B-3",12961811.0089463,"Fludarabine","4d","Sangeribacter","p__Bacteroidetes",0.0144834408529419,187731.623095085,12.1427686851825
"377","2-B-3",12961811.0089463,"Fludarabine","4d","Clostridium","o__Clostridiales",0.0106955940916355,138634.269244182,11.83959458802
"378","2-B-3",12961811.0089463,"Fludarabine","4d","Sangeribacter","p__Bacteroidetes",0.0106617740312666,138195.90001337,11.8364275228233
"379","2-B-3",12961811.0089463,"Fludarabine","4d","Parasutterella","p__Proteobacteria",0.0105687688652524,136990.384628638,11.8276660171547
"380","2-B-3",12961811.0089463,"Fludarabine","4d","Clostridium","o__Clostridiales",0.00999382783898269,129538.10770484,11.7717303848244
"381","2-C-3",278637665.952891,"Fludarabine","4d","Turicibacter","o__Erysipelotrichales",0.11682918960547,32553012.7068359,17.2983804786134
"382","2-C-3",278637665.952891,"Fludarabine","4d","Turicibacter","o__Erysipelotrichales",0.104122220025185,29012372.3616509,17.1832329301291
"383","2-C-3",278637665.952891,"Fludarabine","4d","Lactobacillus","g__Lactobacillus",0.0534504469814443,14893307.7910484,16.516422528481
"384","2-C-3",278637665.952891,"Fludarabine","4d","Lactobacillus","g__Lactobacillus",0.0526907346314354,14681623.3150463,16.5021071550811
"385","2-C-3",278637665.952891,"Fludarabine","4d","Clostridium","o__Clostridiales",0.0468732112936965,13060642.1905923,16.3851138529308
"386","2-C-3",278637665.952891,"Fludarabine","4d","Clostridium","o__Clostridiales",0.0399005089032043,11117784.6711214,16.2240566067168
"387","2-C-3",278637665.952891,"Fludarabine","4d","Alistipes","p__Bacteroidetes",0.0349155470449271,9728786.53406686,16.090599732517
"388","2-C-3",278637665.952891,"Fludarabine","4d","Alistipes","p__Bacteroidetes",0.0330318766976449,9203925.02507547,16.0351405841976
"389","2-C-3",278637665.952891,"Fludarabine","4d","Akkermansia","g__Akkermansia",0.0279636586914215,7791728.58928097,15.8685732917267
"390","2-C-3",278637665.952891,"Fludarabine","4d","Mediterraneibacter","f__Lachnospiraceae",0.0220836932427229,6153348.74077194,15.6325070022852
"391","2-C-3",278637665.952891,"Fludarabine","4d","Mediterraneibacter","f__Lachnospiraceae",0.0210638054303822,5869169.58120753,15.5852237135186
"392","2-C-3",278637665.952891,"Fludarabine","4d","Clostridium","o__Clostridiales",0.0177855946050016,4955736.56832198,15.4160563662268
"393","2-C-3",278637665.952891,"Fludarabine","4d","Clostridium","o__Clostridiales",0.0172236156063649,4799148.05182731,15.3839489709224
"394","2-C-3",278637665.952891,"Fludarabine","4d","Duncaniella","p__Bacteroidetes",0.0144761627241412,4033604.19340895,15.2101708750347
"395","2-C-3",278637665.952891,"Fludarabine","4d","Duncaniella","p__Bacteroidetes",0.0143720925392084,4004606.31998399,15.2029558365205
"396","2-C-3",278637665.952891,"Fludarabine","4d","Akkermansia","g__Akkermansia",0.0141327311138632,3937911.21110665,15.1861609912299
"397","2-C-3",278637665.952891,"Fludarabine","4d","Clostridium","o__Clostridiales",0.0141119170768766,3932111.63642164,15.1846871516116
"398","2-C-3",278637665.952891,"Fludarabine","4d","Clostridium","o__Clostridiales",0.0132897626159082,3703028.43636465,15.1246615391438
"399","2-C-3",278637665.952891,"Fludarabine","4d","Ruminiclostridium","o__Clostridiales",0.0119160361747963,3320256.50715546,15.0155525990996
"400","2-C-3",278637665.952891,"Fludarabine","4d","Anaerobacterium","o__Clostridiales",0.0117287098419174,3268060.33499057,14.999707197151
"401","2-D-3",541946100.917432,"Fludarabine","4d","Duncaniella","p__Bacteroidetes",0.11837078178911,64150583.6531564,17.9767437472411
"402","2-D-3",541946100.917432,"Fludarabine","4d","Lactobacillus","g__Lactobacillus",0.113876967095851,61715178.3018992,17.9380404602737
"403","2-D-3",541946100.917432,"Fludarabine","4d","Lactobacillus","g__Lactobacillus",0.098258015652613,53250548.4668176,17.7905186623471
"404","2-D-3",541946100.917432,"Fludarabine","4d","Duncaniella","p__Bacteroidetes",0.0969957081545064,52566445.8400599,17.7775885623697
"405","2-D-3",541946100.917432,"Fludarabine","4d","Akkermansia","g__Akkermansia",0.0508962383236556,27583017.9108695,17.1327108482325
"406","2-D-3",541946100.917432,"Fludarabine","4d","Akkermansia","g__Akkermansia",0.0412185475048388,22338231.1057273,16.9218101678852
"407","2-D-3",541946100.917432,"Fludarabine","4d","Turicibacter","o__Erysipelotrichales",0.0390305478414542,21152453.2193474,16.8672664481886
"408","2-D-3",541946100.917432,"Fludarabine","4d","Turicibacter","o__Erysipelotrichales",0.0330724564503913,17923488.8210512,16.7016226352364
"409","2-D-3",541946100.917432,"Fludarabine","4d","Olsenella","p__Actinobacteria",0.0206176891357401,11173676.2370421,16.2290712339119
"410","2-D-3",541946100.917432,"Fludarabine","4d","Olsenella","p__Actinobacteria",0.0195741816039721,10608151.3989224,16.1771332634517
"411","2-D-3",541946100.917432,"Fludarabine","4d","Alistipes","p__Bacteroidetes",0.0168139358747791,9112246.98841227,16.0251298895816
"412","2-D-3",541946100.917432,"Fludarabine","4d","Alistipes","p__Bacteroidetes",0.0140705209122276,7625463.94625894,15.8470037240178
"413","2-D-3",541946100.917432,"Fludarabine","4d","Duncaniella","p__Bacteroidetes",0.0131784902802323,7142031.42335017,15.7815078069239
"414","2-D-3",541946100.917432,"Fludarabine","4d","Sporofaciens","f__Lachnospiraceae",0.0116805520491458,6330229.63959769,15.6608470714398
"415","2-D-3",541946100.917432,"Fludarabine","4d","Sporofaciens","f__Lachnospiraceae",0.0116300597492216,6302865.53452742,15.6565149347007
"416","2-D-3",541946100.917432,"Fludarabine","4d","Duncaniella","p__Bacteroidetes",0.0114954136160902,6229894.58767324,15.6448699705038
"417","2-D-3",541946100.917432,"Fludarabine","4d","Eubacterium","o__Clostridiales",0.0112429521164689,6093074.06232171,15.6226632844697
"418","2-D-3",541946100.917432,"Fludarabine","4d","Eubacterium","o__Clostridiales",0.00944206008583691,5117087.64814743,15.4480960164557
"419","2-D-3",541946100.917432,"Fludarabine","4d","Mediterraneibacter","f__Lachnospiraceae",0.00868467558697299,4706626.07209282,15.3644818764146
"420","2-D-3",541946100.917432,"Fludarabine","4d","Muribaculum","p__Bacteroidetes",0.0082807371875789,4487713.23153037,15.3168538274254
"421","1-A-4",434433944.5629,"Control","7d","Duncaniella","p__Bacteroidetes",0.108018208488571,46926776.3983076,17.6640989958377
"422","1-A-4",434433944.5629,"Control","7d","Duncaniella","p__Bacteroidetes",0.0833499762408148,36210058.9575212,17.4048475099515
"423","1-A-4",434433944.5629,"Control","7d","Turicibacter","o__Erysipelotrichales",0.079238604199522,34423939.3840567,17.3542627926362
"424","1-A-4",434433944.5629,"Control","7d","Turicibacter","o__Erysipelotrichales",0.0767593848781395,33346882.354832,17.3224748433424
"425","1-A-4",434433944.5629,"Control","7d","Lactobacillus","g__Lactobacillus",0.0554174385532378,24075216.4282552,16.996693505359
"426","1-A-4",434433944.5629,"Control","7d","Lactobacillus","g__Lactobacillus",0.0424359707176651,18435626.150231,16.7297955543695
"427","1-A-4",434433944.5629,"Control","7d","Clostridium","o__Clostridiales",0.0209011962233226,9080189.12138123,16.0216055787065
"428","1-A-4",434433944.5629,"Control","7d","Marvinbryantia","f__Lachnospiraceae",0.0203571453166858,8843834.93996798,15.995231157281
"429","1-A-4",434433944.5629,"Control","7d","Marvinbryantia","f__Lachnospiraceae",0.0181878284104761,7901410.03939631,15.8825517875101
"430","1-A-4",434433944.5629,"Control","7d","Clostridium","o__Clostridiales",0.0167622773006811,7282102.24759205,15.8009301487604
"431","1-A-4",434433944.5629,"Control","7d","Anaerostipes","f__Lachnospiraceae",0.0141728704539037,6157176.01706836,15.6331287916069
"432","1-A-4",434433944.5629,"Control","7d","Anaerobacterium","o__Clostridiales",0.0136081593862555,5911846.36041163,15.5924687535207
"433","1-A-4",434433944.5629,"Control","7d","Anaerostipes","f__Lachnospiraceae",0.0128919404711894,5600696.5519689,15.5384015322505
"434","1-A-4",434433944.5629,"Control","7d","Anaerobacterium","o__Clostridiales",0.0127817529457946,5552827.35067001,15.5298177885591
"435","1-A-4",434433944.5629,"Control","7d","Sangeribacter","p__Bacteroidetes",0.0103576273871094,4499704.92209466,15.3195223797227
"436","1-A-4",434433944.5629,"Control","7d","Sangeribacter","p__Bacteroidetes",0.00921443181113858,4003061.9586188,15.2025701159011
"437","1-A-4",434433944.5629,"Control","7d","Alistipes","p__Bacteroidetes",0.00825029096393425,3584206.44725361,15.0920476538883
"438","1-A-4",434433944.5629,"Control","7d","Alistipes","p__Bacteroidetes",0.00806434951483055,3503427.17006174,15.0692522388106
"439","1-A-4",434433944.5629,"Control","7d","Clostridium","o__Clostridiales",0.00752718532853099,3270064.81372971,15.0003203633895
"440","1-A-4",434433944.5629,"Control","7d","Clostridium","o__Clostridiales",0.00740322436246187,3216211.96226847,14.9837148157747
"441","1-B-4",252482980.13245,"Control","7d","Duncaniella","p__Bacteroidetes",0.209153917355869,52807804.360386,17.7821695476095
"442","1-B-4",252482980.13245,"Control","7d","Duncaniella","p__Bacteroidetes",0.179436045242808,45304547.4460853,17.6289179705383
"443","1-B-4",252482980.13245,"Control","7d","Turicibacter","o__Erysipelotrichales",0.0669084834026926,16893253.2856544,16.6424248863196
"444","1-B-4",252482980.13245,"Control","7d","Turicibacter","o__Erysipelotrichales",0.0630027919297427,15907132.6630861,16.5822781617644
"445","1-B-4",252482980.13245,"Control","7d","Lactobacillus","g__Lactobacillus",0.0527381230104679,13315478.4642747,16.4044377108147
"446","1-B-4",252482980.13245,"Control","7d","Lactobacillus","g__Lactobacillus",0.0470188060173235,11871448.2655234,16.289646769718
"447","1-B-4",252482980.13245,"Control","7d","Duncaniella","p__Bacteroidetes",0.0125222940481476,3161666.11937115,14.9666096995796
"448","1-B-4",252482980.13245,"Control","7d","Duncaniella","p__Bacteroidetes",0.0116719219162722,2946961.62929366,14.896285241375
"449","1-B-4",252482980.13245,"Control","7d","Marvinbryantia","f__Lachnospiraceae",0.00761572210139747,1922840.2120214,14.4693139280459
"450","1-B-4",252482980.13245,"Control","7d","Mediterraneibacter","f__Lachnospiraceae",0.00726955291497031,1835438.38420224,14.422793912411
"451","1-B-4",252482980.13245,"Control","7d","Mediterraneibacter","f__Lachnospiraceae",0.00720934957820037,1820238.06632065,14.4144778561693
"452","1-B-4",252482980.13245,"Control","7d","Muribaculum","p__Bacteroidetes",0.00711904457304546,1797437.58949826,14.4018726472504
"453","1-B-4",252482980.13245,"Control","7d","Marvinbryantia","f__Lachnospiraceae",0.00710399373885298,1793637.51002787,14.399756244344
"454","1-B-4",252482980.13245,"Control","7d","Muribaculum","p__Bacteroidetes",0.00679545163790703,1715735.8808847,14.3553526316155
"455","1-B-4",252482980.13245,"Control","7d","Sangeribacter","p__Bacteroidetes",0.00559138490250822,1411729.52325286,14.1603261229162
"456","1-B-4",252482980.13245,"Control","7d","Sangeribacter","p__Bacteroidetes",0.00504202945448251,1273026.62258334,14.0569077905835
"457","1-B-4",252482980.13245,"Control","7d","Gracilibacter","o__Clostridiales",0.004808741524499,1214125.39079217,14.009534532576
"458","1-B-4",252482980.13245,"Control","7d","Eubacterium","o__Clostridiales",0.00474101277063281,1197025.03317538,13.9953498975841
"459","1-B-4",252482980.13245,"Control","7d","Eubacterium","o__Clostridiales",0.0045980298458042,1160924.27820659,13.9647270373701
"460","1-B-4",252482980.13245,"Control","7d","Achromobacter","p__Proteobacteria",0.00459050442870796,1159024.2384714,13.9630890353658
"461","1-C-4",667940879.904876,"Control","7d","Lactobacillus","g__Lactobacillus",0.152101113549541,101594551.618792,18.4365004658714
"462","1-C-4",667940879.904876,"Control","7d","Lactobacillus","g__Lactobacillus",0.147801349264407,98722563.2787959,18.407824082926
"463","1-C-4",667940879.904876,"Control","7d","Duncaniella","p__Bacteroidetes",0.138494676095261,92506255.8132094,18.3427868306089
"464","1-C-4",667940879.904876,"Control","7d","Duncaniella","p__Bacteroidetes",0.124116069251402,82902196.506116,18.2331721156063
"465","1-C-4",667940879.904876,"Control","7d","Turicibacter","o__Erysipelotrichales",0.0947898886450459,63314041.6276572,17.9636176891758
"466","1-C-4",667940879.904876,"Control","7d","Turicibacter","o__Erysipelotrichales",0.0880354385109323,58802468.2618037,17.8896943892294
"467","1-C-4",667940879.904876,"Control","7d","Olsenella","p__Actinobacteria",0.0334389986182232,22335274.1601939,16.9216777876066
"468","1-C-4",667940879.904876,"Control","7d","Olsenella","p__Actinobacteria",0.0331545151589043,22145256.0280581,16.9131338567112
"469","1-C-4",667940879.904876,"Control","7d","Duncaniella","p__Bacteroidetes",0.00951800373892546,6357463.79231577,15.6651400809914
"470","1-C-4",667940879.904876,"Control","7d","Duncaniella","p__Bacteroidetes",0.00949361944241242,6341176.52384699,15.6625748807818
"471","1-C-4",667940879.904876,"Control","7d","Sangeribacter","p__Bacteroidetes",0.00729903275623832,4875322.36165633,15.3996967856959
"472","1-C-4",667940879.904876,"Control","7d","Sangeribacter","p__Bacteroidetes",0.00682760302365277,4560435.17125982,15.332928609231
"473","1-C-4",667940879.904876,"Control","7d","Muribaculum","p__Bacteroidetes",0.00662440055271072,4424707.93401994,15.3027148306345
"474","1-C-4",667940879.904876,"Control","7d","Muribaculum","p__Bacteroidetes",0.0061854832154759,4131537.10158181,15.2341600752553
"475","1-C-4",667940879.904876,"Control","7d","Ruminiclostridium","o__Clostridiales",0.00590099975615704,3941518.96944599,15.1870767322185
"476","1-C-4",667940879.904876,"Control","7d","Ruminiclostridium","o__Clostridiales",0.00584410306429326,3903515.34301882,15.1773880751147
"477","1-C-4",667940879.904876,"Control","7d","Anaerobacterium","o__Clostridiales",0.00357636348858002,2388799.37542181,14.686301444306
"478","1-C-4",667940879.904876,"Control","7d","Duncaniella","p__Bacteroidetes",0.0033162643257742,2215068.51175477,14.6107938917978
"479","1-C-4",667940879.904876,"Control","7d","Duncaniella","p__Bacteroidetes",0.00325123953507275,2171635.79583801,14.5909912645016
"480","1-C-4",667940879.904876,"Control","7d","Anaerobacterium","o__Clostridiales",0.00321059904088434,2144490.34839004,14.5784124822948
"481","2-A-4",512262980.105563,"Fludarabine","7d","Duncaniella","p__Bacteroidetes",0.119677527239443,61306366.7553417,17.9313942577536
"482","2-A-4",512262980.105563,"Fludarabine","7d","Duncaniella","p__Bacteroidetes",0.109820281283554,56256864.5663445,17.8454386283379
"483","2-A-4",512262980.105563,"Fludarabine","7d","Lactobacillus","g__Lactobacillus",0.10933622009822,56008897.9409919,17.8410211278809
"484","2-A-4",512262980.105563,"Fludarabine","7d","Lactobacillus","g__Lactobacillus",0.1044692049075,53515706.2351746,17.7954857432709
"485","2-A-4",512262980.105563,"Fludarabine","7d","Turicibacter","o__Erysipelotrichales",0.088794423615145,45486096.0578499,17.6329172560756
"486","2-A-4",512262980.105563,"Fludarabine","7d","Turicibacter","o__Erysipelotrichales",0.0811726602242523,41581748.8295718,17.5431718989029
"487","2-A-4",512262980.105563,"Fludarabine","7d","Akkermansia","g__Akkermansia",0.0585626023129324,29999453.1835597,17.2166897122456
"488","2-A-4",512262980.105563,"Fludarabine","7d","Akkermansia","g__Akkermansia",0.0564239319850029,28903891.5479112,17.1794867996545
"489","2-A-4",512262980.105563,"Fludarabine","7d","Ruminiclostridium","o__Clostridiales",0.0282779743359561,14485759.4046855,16.4886766147831
"490","2-A-4",512262980.105563,"Fludarabine","7d","Ruminiclostridium","o__Clostridiales",0.0260952984457235,13367655.3485504,16.408348567099
"491","2-A-4",512262980.105563,"Fludarabine","7d","Duncaniella","p__Bacteroidetes",0.00823784126313566,4219941.11509045,15.2553317321448
"492","2-A-4",512262980.105563,"Fludarabine","7d","Duncaniella","p__Bacteroidetes",0.00803541567654151,4116245.98085211,15.2304521362622
"493","2-A-4",512262980.105563,"Fludarabine","7d","Alistipes","p__Bacteroidetes",0.00511344633961733,2619429.26054226,14.7784670125191
"494","2-A-4",512262980.105563,"Fludarabine","7d","Anaerostipes","f__Lachnospiraceae",0.00510464522715671,2614920.77644493,14.7767443592077
"495","2-A-4",512262980.105563,"Fludarabine","7d","Murimonas","f__Lachnospiraceae",0.00505183855239302,2587869.87186102,14.7663456519868
"496","2-A-4",512262980.105563,"Fludarabine","7d","Alistipes","p__Bacteroidetes",0.00484941296579888,2484174.73762269,14.7254510648201
"497","2-A-4",512262980.105563,"Fludarabine","7d","Alistipes","p__Bacteroidetes",0.00477020295365334,2443598.38074682,14.7089822571069
"498","2-A-4",512262980.105563,"Fludarabine","7d","Murimonas","f__Lachnospiraceae",0.00455017514213797,2330886.27831385,14.6617591301756
"499","2-A-4",512262980.105563,"Fludarabine","7d","Enterocloster","f__Lachnospiraceae",0.00434774955554382,2227191.14407551,14.6162517728551
"500","2-A-4",512262980.105563,"Fludarabine","7d","Alistipes","p__Bacteroidetes",0.00431254510570136,2209157.20768624,14.6081216467719
"501","2-B-4",126922231.209976,"Fludarabine","7d","Akkermansia","g__Akkermansia",0.0944362661074029,11986061.6014906,16.2992549994406
"502","2-B-4",126922231.209976,"Fludarabine","7d","Akkermansia","g__Akkermansia",0.0783439875778903,9943593.7052725,16.1124390530588
"503","2-B-4",126922231.209976,"Fludarabine","7d","Duncaniella","p__Bacteroidetes",0.0507874730282926,6446059.39426739,15.6789795554428
"504","2-B-4",126922231.209976,"Fludarabine","7d","Duncaniella","p__Bacteroidetes",0.0455544576418157,5781873.4054596,15.5702383067251
"505","2-B-4",126922231.209976,"Fludarabine","7d","Olsenella","p__Actinobacteria",0.0424489302062958,5387712.93425962,15.4996315363736
"506","2-B-4",126922231.209976,"Fludarabine","7d","Lactobacillus","g__Lactobacillus",0.0404525197120329,5134324.05991676,15.451458758779
"507","2-B-4",126922231.209976,"Fludarabine","7d","Turicibacter","o__Erysipelotrichales",0.0354614934763758,4500851.87405963,15.3197772421711
"508","2-B-4",126922231.209976,"Fludarabine","7d","Olsenella","p__Actinobacteria",0.0318316562140797,4040144.8297999,15.2117910982551
"509","2-B-4",126922231.209976,"Fludarabine","7d","Lactobacillus","g__Lactobacillus",0.0266994696404445,3388756.25888824,15.0359735267541
"510","2-B-4",126922231.209976,"Fludarabine","7d","Enterocloster","f__Lachnospiraceae",0.0261549940511,3319650.20224927,15.0153699745735
"511","2-B-4",126922231.209976,"Fludarabine","7d","Clostridium","o__Clostridiales",0.0217185262860715,2756563.81482071,14.8294954674135
"512","2-B-4",126922231.209976,"Fludarabine","7d","Enterocloster","f__Lachnospiraceae",0.0213555425598419,2710493.11039474,14.8126411358585
"513","2-B-4",126922231.209976,"Fludarabine","7d","Marvinbryantia","f__Lachnospiraceae",0.0213454596785577,2709213.36860513,14.812168880832
"514","2-B-4",126922231.209976,"Fludarabine","7d","Turicibacter","o__Erysipelotrichales",0.0201254310431749,2554364.61206228,14.7533140665686
"515","2-B-4",126922231.209976,"Fludarabine","7d","Marvinbryantia","f__Lachnospiraceae",0.0161225271733651,2046307.12158697,14.5315473225311
"516","2-B-4",126922231.209976,"Fludarabine","7d","Clostridium","o__Clostridiales",0.0160821956482284,2041188.15442852,14.5290426249161
"517","2-B-4",126922231.209976,"Fludarabine","7d","Ruminiclostridium","o__Clostridiales",0.0138639617657142,1759644.96071425,14.3806226197978
"518","2-B-4",126922231.209976,"Fludarabine","7d","Sangeribacter","p__Bacteroidetes",0.013591723971042,1725091.93239477,14.3607909011694
"519","2-B-4",126922231.209976,"Fludarabine","7d","Ruminiclostridium","o__Clostridiales",0.0110609207687189,1403876.74320257,14.1547480699724
"520","2-B-4",126922231.209976,"Fludarabine","7d","Sangeribacter","p__Bacteroidetes",0.0108390973804674,1375722.42383113,14.1344895502589
"521","2-C-4",42636298.7012987,"Fludarabine","7d","Turicibacter","o__Erysipelotrichales",0.0953002268584692,4063248.93863922,15.2174934427556
"522","2-C-4",42636298.7012987,"Fludarabine","7d","Turicibacter","o__Erysipelotrichales",0.0827377752134174,3527632.49788017,15.0761375234155
"523","2-C-4",42636298.7012987,"Fludarabine","7d","Lactobacillus","g__Lactobacillus",0.0499416462319202,2129326.94637874,14.5713165001354
"524","2-C-4",42636298.7012987,"Fludarabine","7d","Clostridium","o__Clostridiales",0.0434178260926579,1851175.4022476,14.4313313478698
"525","2-C-4",42636298.7012987,"Fludarabine","7d","Lactobacillus","g__Lactobacillus",0.0420671658427202,1793588.24838729,14.3997287793089
"526","2-C-4",42636298.7012987,"Fludarabine","7d","Clostridium","o__Clostridiales",0.0357990532265044,1526339.12658893,14.2383826985015
"527","2-C-4",42636298.7012987,"Fludarabine","7d","Anaerobacterium","o__Clostridiales",0.0249544316080725,1063964.59996291,13.8775126776187
"528","2-C-4",42636298.7012987,"Fludarabine","7d","Clostridium","o__Clostridiales",0.0244626863714447,1042998.40316911,13.8576102029838
"529","2-C-4",42636298.7012987,"Fludarabine","7d","Anaerobacterium","o__Clostridiales",0.020489384859492,873591.533075168,13.6803681919331
"530","2-C-4",42636298.7012987,"Fludarabine","7d","Clostridium","o__Clostridiales",0.0198927339723836,848152.54763202,13.6508157896711
"531","2-C-4",42636298.7012987,"Fludarabine","7d","Alistipes","p__Bacteroidetes",0.0181093379142134,772115.140593156,13.5568889637318
"532","2-C-4",42636298.7012987,"Fludarabine","7d","Akkermansia","g__Akkermansia",0.0178208473753918,759814.97180746,13.5408302244737
"533","2-C-4",42636298.7012987,"Fludarabine","7d","Clostridium","o__Clostridiales",0.0159194324604309,678745.677538083,13.428001781942
"534","2-C-4",42636298.7012987,"Fludarabine","7d","Clostridium","o__Clostridiales",0.0158014136036402,673713.790307569,13.4205606562473
"535","2-C-4",42636298.7012987,"Fludarabine","7d","Alistipes","p__Bacteroidetes",0.0157948570004852,673434.241016986,13.4201456323775
"536","2-C-4",42636298.7012987,"Fludarabine","7d","Akkermansia","g__Akkermansia",0.0148507061461598,633179.143172882,13.3585086676797
"537","2-C-4",42636298.7012987,"Fludarabine","7d","Murimonas","f__Lachnospiraceae",0.0133492440236562,569162.355629133,13.251921007433
"538","2-C-4",42636298.7012987,"Fludarabine","7d","Clostridium","o__Clostridiales",0.0130279704690594,555464.440390515,13.2275598723144
"539","2-C-4",42636298.7012987,"Fludarabine","7d","Clostridium","o__Clostridiales",0.0128574987870284,548196.158835329,13.2143884559589
"540","2-C-4",42636298.7012987,"Fludarabine","7d","Murimonas","f__Lachnospiraceae",0.01137570647399,485018.019163335,13.0919413221436
"541","2-D-4",252521626.984127,"Fludarabine","7d","Akkermansia","g__Akkermansia",0.114149402100128,28825192.7375896,17.1767603105702
"542","2-D-4",252521626.984127,"Fludarabine","7d","Duncaniella","p__Bacteroidetes",0.0678054505150606,17122342.6824548,16.6558947582447
"543","2-D-4",252521626.984127,"Fludarabine","7d","Akkermansia","g__Akkermansia",0.065680777461591,16585816.7861833,16.6240584776392
"544","2-D-4",252521626.984127,"Fludarabine","7d","Turicibacter","o__Erysipelotrichales",0.0597746465909352,15094391.0095441,16.5298337764566
"545","2-D-4",252521626.984127,"Fludarabine","7d","Turicibacter","o__Erysipelotrichales",0.0547659408006259,13829584.4742904,16.4423206579467
"546","2-D-4",252521626.984127,"Fludarabine","7d","Ruminiclostridium","o__Clostridiales",0.0403994692152516,10201739.6955305,16.1380688220964
"547","2-D-4",252521626.984127,"Fludarabine","7d","Lactobacillus","g__Lactobacillus",0.0401233384212989,10132010.6981811,16.1312103459836
"548","2-D-4",252521626.984127,"Fludarabine","7d","Ruminiclostridium","o__Clostridiales",0.0394713629355772,9967372.7877729,16.1148275954547
"549","2-D-4",252521626.984127,"Fludarabine","7d","Lactobacillus","g__Lactobacillus",0.0359506953126798,9078328.07156852,16.0214006005357
"550","2-D-4",252521626.984127,"Fludarabine","7d","Duncaniella","p__Bacteroidetes",0.0323073028924701,8158292.68987553,15.9145454758669
"551","2-D-4",252521626.984127,"Fludarabine","7d","Anaerobacterium","o__Clostridiales",0.0304434200332891,7687621.95776731,15.8551220553961
"552","2-D-4",252521626.984127,"Fludarabine","7d","Anaerobacterium","o__Clostridiales",0.0276207496951056,6974836.65152938,15.7578194662619
"553","2-D-4",252521626.984127,"Fludarabine","7d","Olsenella","p__Actinobacteria",0.0274289921993051,6926413.73670344,15.7508527389064
"554","2-D-4",252521626.984127,"Fludarabine","7d","Olsenella","p__Actinobacteria",0.0258565807337409,6529345.83513067,15.6918173178471
"555","2-D-4",252521626.984127,"Fludarabine","7d","Sporofaciens","f__Lachnospiraceae",0.00939611729422503,2372722.82647139,14.6795487255919
"556","2-D-4",252521626.984127,"Fludarabine","7d","Sporofaciens","f__Lachnospiraceae",0.00873647150867127,2206147.99947014,14.6067585660602
"557","2-D-4",252521626.984127,"Fludarabine","7d","Anaerobacterium","o__Clostridiales",0.00842198921555844,2126734.41915558,14.5700982246825
"558","2-D-4",252521626.984127,"Fludarabine","7d","Marvinbryantia","f__Lachnospiraceae",0.00841431891572642,2124797.50256255,14.5691870628883
"559","2-D-4",252521626.984127,"Fludarabine","7d","Anaerobacterium","o__Clostridiales",0.00767797013185245,1938853.50963091,14.4776073819282
"560","2-D-4",252521626.984127,"Fludarabine","7d","Marvinbryantia","f__Lachnospiraceae",0.00757825623403619,1913673.59392142,14.4645353003609
