"sampleid","Acetivibrio","Achromobacter","Acutalibacter","Adlercreutzia","Akkermansia","Alistipes","Amorphus","Anaerobacterium","Anaeroplasma","Anaerostipes","Bacteroides","Bilifractor","Blautia","Breznakia","Chryseobacterium","Clostridium","Duncaniella","Eggerthella","Enterocloster","Eubacterium","Ewingella","Faecalicatena","Flintibacter","Fusimonas","Gordonibacter","Gracilibacter","Guopingia","Hungatella","Intestinimonas","Kineothrix","Lachnoclostridium","Lactobacillus","Loriellopsis","Luoshenia","Marasmitruncus","Mariniplasma","Marseillibacter","Marvinbryantia","Mediterraneibacter","Muribaculum","Murimonas","Neglectibacter","Olsenella","Paraburkholderia","Paraeggerthella","Parasutterella","Pseudomonas","Qiania","Rahnella","Roseburia","Ruminiclostridium","Ruminococcus","Sangeribacter","Simiaoa","Spiroplasma","Sporobacter","Sporofaciens","Streptococcus","Thomasclavelia","Turicibacter","Vescimonas","Waltera","Weissella"
"Group 1-A-1",0,0,0,0.00207251454670588,0,0,0,0,0,0,0,0,0,0,0,0,0.100739848589126,0,0.00777388475254958,0.0106754051179378,0,0,0,0,0,0.0128183069511356,0.00727335293749609,0,0,0,0,0.53337139460677,0,0,0,0,0,0.00502878057936558,0.00407464180691985,0.00588124882687856,0,0,0.0118485265594694,0,0,0,0,0,0,0,0.0045438903835325,0,0.0146483763999249,0,0,0,0.00415284990302196,0,0,0.174646499405618,0,0,0
"Group 1-A-2",0,0,0,0.00996286634062684,0.0055446148927048,0.00203472106154305,0,0.0314437072617741,0,0.00582075560819993,0,0,0,0.0123536635879399,0,0,0.207759554105413,0.00607509574089281,0,0.0116415112163999,0,0,0,0,0,0.0096503913204613,0,0,0,0,0,0.0899201371983344,0,0,0,0,0,0.016067029525256,0.008211552855513,0.0175858034604792,0,0,0,0,0,0,0,0,0,0,0,0,0.0250852039444521,0,0.00571901955512277,0,0.0530553516797349,0,0,0.353249376866675,0.00200565361780672,0,0
"Group 1-A-3",0,0,0,0.00684585915843897,0,0.0175662628087333,0,0.00447877409910611,0.00479023265954465,0.0199520353816925,0,0.0063724421465724,0,0.0104089450898558,0,0.0338119413212072,0.215236552776653,0.0125144049584203,0.0131061762232535,0.014912635873797,0,0.00422960725075529,0,0,0,0,0,0.00469056592020432,0,0,0.0210047653159747,0.161148659170897,0,0,0,0,0,0.0433301149282088,0.0217771825458623,0.0251471641698072,0.0138100725698446,0,0.00448500327031488,0,0,0,0,0,0,0,0.00518889961690597,0,0.0179649297660946,0.00569969165602517,0,0.00469056592020432,0.00617933783910051,0,0,0.142324103777992,0,0,0
"Group 1-A-4",0,0,0,0,0,0.0301982686785072,0,0.030742319585144,0.0102267797007031,0.0270648109250931,0,0.00694870082020839,0,0.011686764412184,0,0.0989828314061994,0.204136164234507,0.00414580564297864,0.0167898241820298,0.0141728704539037,0,0.00713464226931208,0,0,0,0.0062875756678397,0,0.00448325493950016,0,0,0.00891141611630293,0.0978534092709029,0,0,0,0,0,0.0385449737271619,0,0.0177401915885598,0.0105573422768875,0,0,0,0,0,0,0,0,0,0.011053186141164,0,0.027891217365554,0,0.0123272294035412,0,0,0,0,0.155997989077662,0,0,0
"Group 1-B-1",0.00639123643482235,0,0,0.00855347971106427,0,0,0,0.00448818951346116,0,0,0.00200536127197201,0,0,0,0,0.0371469302284338,0.110594992053585,0.00489062595919704,0.0176048892617679,0.0223727380002319,0,0,0.00208721275246066,0,0,0.00257832163539258,0.0146582359641763,0.00933106877570648,0,0,0,0.280184438669368,0,0,0,0,0,0.0200945384599644,0.0049656564829783,0.0128029357397669,0.00470646012809757,0,0.143151418417947,0,0,0.00562728928359492,0,0,0,0,0,0,0.0217042842429079,0,0,0,0.0173456929068871,0,0,0.0896069082649532,0,0,0
"Group 1-B-2",0,0,0,0.00654475783548242,0,0,0,0,0,0,0,0,0.00484922471748179,0.0133184126418949,0,0.0229744737489085,0.208067346575447,0,0.00963910577583357,0.0167349118746662,0,0.00694320811821257,0,0,0,0,0,0.00601914256890223,0,0,0.00260264333613096,0.400968149410378,0,0,0,0,0,0.0209313563417177,0.0265520486278898,0.00777401934603288,0,0,0,0,0,0,0,0,0,0,0,0,0.0119026424883644,0,0,0,0,0,0,0.0781555990742389,0,0,0
"Group 1-B-3",0,0,0.00783114821565054,0,0,0.0302016579457934,0,0.00733729202187077,0,0,0.00827797048621318,0.00935387147980481,0,0.0198365571168205,0,0.0521606208477865,0.168804750426245,0,0.0144923275912752,0,0,0.0213004879769534,0,0.0264859780116409,0,0.0387618319713093,0,0,0.00453289435004997,0.00540890116996884,0.0144805691104709,0.158339702510436,0,0.00727262037744723,0,0.0342289376212593,0.007766476571227,0.0210124051972485,0.00928332059497913,0.0283261802575107,0.0111294020812511,0,0,0,0,0,0,0.00772532188841202,0,0,0.0126403668646011,0,0.012763830913046,0,0,0.00527367864071962,0.00630254571109413,0,0,0.0100476218472573,0.0116526544770416,0,0
"Group 1-B-4",0,0.00459050442870796,0,0.00203938803308173,0,0.00741253583979892,0,0.00861660257519773,0,0,0,0.00580962199829926,0,0.00476358902192154,0,0.00418413190551086,0.421393255721198,0,0.00843599256488791,0.00933904261643701,0.00223504887758404,0.00734480708593274,0,0.014366021236727,0,0.00916595802322344,0.00737490875431771,0,0,0,0,0.0997569290277914,0,0,0,0.00203186261598549,0,0.0147197158402504,0.0144789024931707,0.0188210681577026,0,0,0,0,0,0,0,0,0,0,0,0,0.0222075058510118,0,0,0,0.00465823318257414,0,0,0.129911275332435,0.00638155369761369,0,0
"Group 1-C-1",0.00776678294297715,0,0.00509005481597494,0,0,0,0.00513276856268242,0.0320566669039653,0.00600128141240122,0,0,0,0,0.0180465579839112,0,0.0308678009539403,0.116836335160532,0,0.00976009112265964,0.019320851427351,0,0.0109703139460383,0.0166156474692105,0,0,0.0157328967039225,0,0.00558838186089556,0,0,0,0.126931017299067,0,0,0,0,0,0.00965330675589094,0.0268954225101445,0.00554566811418808,0.00466291734890012,0,0.0553214209439738,0,0,0.00853563038371183,0,0,0,0,0,0.005139887520467,0.0123869865451698,0,0.00667758240193636,0.00555278707197266,0.0147433615718659,0,0,0.254516978714316,0.00518972022495907,0,0
"Group 1-C-2",0,0,0,0.00287359991826205,0.0024776817073015,0,0,0,0,0,0,0,0,0,0,0,0.193412431831824,0,0,0,0,0,0,0,0,0,0,0,0,0,0,0.397297538921314,0,0,0,0,0,0.00234996615537874,0.00881237308267028,0.00913166196247717,0,0,0.0279186196503148,0,0,0,0,0,0,0,0,0,0.00471270386594976,0,0,0,0.0192084190091827,0,0,0.234907214651528,0,0,0
"Group 1-C-3",0,0,0,0.00474257977241983,0,0.0106787618365561,0,0,0,0,0,0,0,0,0,0,0.28687037479112,0,0,0.00201320919869499,0,0,0,0,0,0,0,0,0,0,0,0.35962441314554,0,0,0,0,0,0,0.00685127715445214,0.028527094772022,0,0,0.0571178483329355,0,0,0,0,0,0,0,0.0546431129147768,0.00541099705578101,0.0149757300867351,0,0,0,0.0419829712739715,0,0,0.0289249622025941,0,0,0
"Group 1-C-4",0,0,0,0.00597415264569617,0,0,0,0.00678696252946436,0,0.00526700804681785,0,0,0,0,0,0,0.288189872388848,0,0,0.00200764041290742,0,0,0,0,0,0,0,0,0,0,0,0.299902462813948,0,0,0,0,0,0.00537267333170771,0.00451109485491344,0.0171584166463464,0,0,0.0665935137771275,0,0,0,0,0,0,0,0.0117451028204503,0,0.0141266357798911,0,0.00560026009916281,0,0.00450296675607575,0,0,0.182825327155978,0,0,0
"Group 2-A-1",0,0,0,0,0,0,0,0.00906271072151045,0,0,0,0,0,0.00917959091930771,0,0.0264149247021803,0.274839289728029,0,0,0.0120746235109013,0,0,0.00771409305461902,0,0,0.0029130141604855,0,0,0,0,0,0.17444819060463,0,0,0,0,0,0.0057630928298494,0.0122454484153742,0.0216947628680602,0,0,0,0,0,0,0,0,0,0,0.0100696785794561,0,0.0209934816812767,0,0.0300382108338953,0,0.0276196898179366,0,0,0.212668015284334,0,0,0
"Group 2-A-2",0,0,0,0.00200019300107905,0,0.00204405688268166,0,0.0140188965601944,0,0,0,0,0,0.00977287282106168,0,0.0049478458447745,0.0180456008913141,0,0.025721780171771,0.00678135609576363,0,0.0289501618577231,0,0,0,0,0,0,0,0.0167910938774794,0.00700067550377668,0.376238058058234,0,0,0,0,0,0.128345717569239,0.0463816684066006,0,0,0,0,0,0,0,0,0,0,0,0,0,0,0.00893068629429155,0,0,0.0163875461667354,0,0,0.148295010922107,0,0,0
"Group 2-A-3",0.00470306554363162,0,0,0.0127089657531318,0.173949292402411,0.0122279704134422,0,0.00513061695668904,0,0,0,0,0.00458548890504083,0,0,0,0.293578177775878,0,0.00833725255461969,0,0,0,0,0,0,0.00880755910898286,0,0,0,0,0,0.191949206892129,0,0,0,0,0,0,0.014504681687973,0,0,0,0,0,0.00580401043225448,0.0052375048099534,0,0,0,0,0,0,0,0,0,0,0.0329107700200949,0,0,0.140867501817094,0,0,0
"Group 2-A-4",0,0,0,0.00660963545792188,0.114986534297935,0.0190456073647709,0,0,0,0.00935558254563377,0,0.00780658675256552,0,0.00998046153033743,0,0.00581753533646653,0.250743694002922,0,0.00851067574941473,0,0,0.00434774955554382,0,0,0,0.00210346587808699,0,0,0,0,0,0.213805425005721,0,0,0,0,0,0.00805301790146274,0,0,0.00960201369453099,0,0,0,0,0,0,0,0,0,0.0543732727816796,0,0,0.00465578849166535,0.0021122669905476,0,0.0062135853971942,0,0,0.169967083839397,0,0,0
"Group 2-B-1",0,0,0,0.00652465713451999,0.140367668514736,0,0,0,0,0.0047971987160782,0,0,0,0,0,0.0480536912751678,0.0797315436241611,0,0,0,0,0,0.00231105923548293,0,0,0.00500729501021301,0,0,0,0.00210096294134812,0,0.221861686606361,0,0,0,0,0,0.00402684563758389,0.00728333819667347,0.00515903122264371,0,0,0.217041143857601,0,0,0.00863729209220893,0,0,0,0,0.00800700320980449,0,0.00616282462795448,0,0,0,0.0043886781441494,0,0,0.108281295593814,0,0,0
"Group 2-B-2",0,0,0,0.00463896874319091,0.00716931533038595,0,0,0.0109156340275386,0,0,0,0.00442107778707133,0,0.0145776078384514,0,0.0849212429624736,0.0574177813077675,0,0.0259219950377092,0.0155194590681296,0,0.0157162638026892,0.00574248100482874,0,0,0.014282400736612,0,0,0.00457571007851103,0.054585198878213,0.00444216400863129,0.0587883857091648,0,0,0.00896164416298244,0,0,0.138213153585009,0.128977388541747,0,0.0109437489896185,0,0.00211565089651585,0,0,0.0103111623428198,0,0,0,0,0,0.0159692984614087,0.0221475613784766,0,0,0,0.00830797129462372,0,0,0.0500657187238619,0,0.0137130727544931,0
"Group 2-B-3",0,0,0,0,0.0563864956498947,0,0,0,0.0175526113314112,0,0.0119892114007423,0,0,0,0,0.116248002502684,0.125294868651341,0,0.0284680358154439,0,0,0.00419368748573216,0,0,0,0,0,0,0,0.0110676147556923,0.00519983428170419,0.155479272530501,0,0,0,0,0,0.0331352041463394,0,0.0167409298825598,0.0104926737294226,0,0.0508400057494103,0,0.00409222730462574,0.0316640315202963,0,0,0,0,0.028096015151387,0,0.065568642040026,0,0.0116002807065011,0,0.00528438443262621,0,0,0.0657969274475155,0,0.00450652304414363,0
"Group 2-B-4",0.00541450724959164,0,0,0.00203674201939946,0.172780253685293,0,0,0.00863094637923733,0,0.00739075198128617,0.00424489302062957,0.00241989150819738,0,0,0,0.103107544011777,0.106092076871887,0,0.0579765673838956,0,0,0.0272338623485047,0,0,0,0,0,0.00526326403032931,0,0.00540442436830749,0.00521284962390853,0.0671519893524774,0,0,0,0,0,0.0374679868519228,0.00952832281352719,0.0100929641654399,0.00318619048579322,0,0.0742805864203755,0,0,0.00491036318538386,0,0,0,0.00282320675956361,0.0372965778700922,0.00695718808606747,0.0512311198047954,0,0,0,0.00680594486680514,0,0,0.0555869245195507,0,0.00837887434713344,0
"Group 2-C-1",0,0,0,0,0,0,0,0.00203367526991058,0,0,0.0101534228549212,0,0.00207105900648982,0.00220564045817508,0,0.117504560815863,0.183090588270479,0,0,0.0256601967879894,0,0,0,0,0,0,0,0,0,0,0,0.116255944014116,0,0,0,0,0,0.0290546400693842,0.00527110685767264,0.00984687621497144,0,0,0.0481502527140593,0,0,0,0,0,0,0,0.0288228609025929,0,0.0402398540538924,0,0,0.00557017675030655,0.00743936357926848,0,0,0.226837036815504,0.00417202500224302,0,0
"Group 2-C-2",0,0,0,0.00746645450511789,0,0.0106335776251167,0,0.00221086613932282,0,0,0,0.0210223534631803,0,0.0123777903578696,0,0.0405223458131244,0.00628834590492511,0,0.00832326075980355,0,0,0.00709925182453832,0,0,0,0.0122783396318793,0,0,0.00818555975458621,0.107842837252712,0.0369421196774736,0.158080753989504,0,0,0.0113144325953579,0,0,0.0767071099619027,0.0496871127159228,0,0,0,0,0,0.00798665830260561,0.00481953518260683,0,0,0,0,0,0,0,0,0,0,0,0,0.00808610902859591,0.24591104515063,0.0066784987530409,0,0
"Group 2-C-3",0,0,0,0.00494333378430413,0.0420963898052847,0.067947423742572,0,0.0635140338644382,0,0,0.0020709966801611,0.00491211272882432,0.00563019700486008,0.0088771867747609,0,0.188179708395342,0.0421900529717241,0,0.00702473748295851,0,0,0.0134562749118005,0,0,0,0,0,0,0,0,0.0208140369865437,0.10614118161288,0,0,0,0,0,0.0139558117994776,0.0478930991060371,0,0,0,0,0,0.0043293196932011,0,0,0,0,0,0.0233533494989021,0,0,0,0,0,0.018451643788571,0,0,0.220951409630655,0,0,0
"Group 2-C-4",0,0,0.00731061251786674,0.00478632030317733,0.0326715535215516,0.0339041949146986,0,0.0571932493213916,0,0,0.00773023511978914,0.0125362252324316,0.00215712243800732,0.0125690082482068,0,0.225448799485962,0.0251642429090337,0,0.0228169789795303,0.0190010359432985,0,0.00809740489647124,0,0,0,0,0,0,0.00213089602538717,0,0.0247511769102663,0.0920088120746404,0,0,0,0,0,0.0205024980658021,0,0,0.0247249504976462,0,0.00220957526324762,0,0.00730405591471171,0.00496990519151838,0,0,0,0.0124575459945711,0.0149228287808652,0,0,0,0.00217679224747243,0,0.0117756592664472,0,0,0.178038002071887,0,0,0
"Group 2-D-1",0,0,0,0.00420480709833212,0.0120317852529904,0,0,0,0,0,0.00746897287583535,0,0,0,0,0.0851771775144606,0.160210872128938,0,0,0,0,0,0,0,0,0.00781995844330881,0,0,0,0,0,0.202659066659179,0,0,0,0,0,0.0051243892851126,0,0.0135761217498736,0,0,0.0652552367046667,0,0,0.0163208288875161,0,0,0,0,0.0461967203908575,0,0.0490958611781884,0,0,0.00465406862469815,0.0155697197731229,0,0.00204273600269557,0.18320042679845,0,0,0
"Group 2-D-2",0,0,0,0.00719917723688721,0.0367694241537231,0.0163673602137778,0,0.00214480982393221,0,0,0,0.00686514947742236,0,0.0252015154312035,0,0.0354333131158637,0.0813885006548702,0,0.00682119845644014,0.00804303683974579,0,0.0147323822332393,0,0,0,0.00675966702706504,0.0227754190729851,0,0,0.0076826384676916,0,0.302954387630425,0,0,0.00532686374304475,0,0,0.131264119265491,0.040514051141408,0.00480824169545459,0,0,0.0064080588592073,0,0,0.00629378620465353,0,0,0,0,0,0,0.00237335513303974,0,0,0,0,0,0.0075595756089414,0.0821620386241572,0,0,0
"Group 2-D-3",0,0,0,0.0044264916266936,0.0921147858284945,0.0308844567870066,0,0.0238491963308929,0,0,0,0,0,0.00875199865353867,0,0.0134309517798536,0.248438946394008,0,0.00644618362366406,0.0259698729277119,0,0.00769166035512918,0,0,0,0,0.0122527981149541,0,0,0.0064798451569469,0,0.214390305478415,0,0,0,0,0,0.00791046032146764,0.0159892283093495,0.0207018429689472,0,0,0.0401918707397122,0,0,0,0,0,0,0,0.0116300597492216,0,0,0,0.00536901455861315,0,0.0309686106202138,0,0,0.0721030042918455,0,0,0
"Group 2-D-4",0.00730979573991547,0,0,0.00453314720072408,0.179830179561719,0.00985633528414626,0,0.0741641290758056,0,0,0,0.00737115813857164,0.00493967309182116,0.0199964716620773,0,0.0118429429406395,0.11111963366648,0,0.0107997821634848,0.0237012264809431,0,0.0134383653056998,0,0,0,0,0,0,0,0,0.00235478204843027,0.0760740337339787,0,0,0,0,0,0.0159925751497626,0.0139752862939412,0.0139292644949491,0.00567602187569512,0.00543057228107047,0.053285572933046,0,0.0045791689997162,0,0,0,0,0,0.0798708321508288,0,0,0,0,0,0.0181325888028963,0,0,0.114540587391561,0,0,0
"Group 3-A-1",0,0,0,0.00234595628293789,0,0,0,0,0.0063485357230215,0,0,0,0,0,0,0.212181183429321,0.140857441462276,0,0.00830535233817349,0.00253496697871962,0,0,0,0,0,0,0.00660425607613795,0.00210135420604389,0,0,0,0.323464010139868,0,0,0,0,0,0,0,0.0145093504703031,0.00279068733183607,0,0.01526539325343,0,0,0.00235707455916035,0,0,0,0,0,0,0.018200618176158,0,0,0,0,0,0,0.119054501790042,0,0,0
"Group 3-A-2",0,0,0,0,0.0058276164929855,0.00422531867923185,0,0.0023737745388943,0,0,0,0,0.00206518384883804,0.0330192038360197,0,0.3220262539464,0.131530847200133,0,0.0022076103211717,0.0098630332091058,0,0.00507987751323379,0,0,0,0.0305267405701806,0.00512735300401168,0.00225508581194958,0,0,0.00505613976784485,0.0299095591900681,0,0.00734683219787785,0,0.011026182733164,0,0.0479739834310537,0.00601751845609704,0.0025399387566169,0,0,0,0,0,0,0,0,0,0,0.0371377026610013,0.0229187931730244,0,0,0,0.0125810050561398,0.00490184442281672,0,0,0.0771476725140646,0.00462886035084388,0,0
"Group 3-A-3",0,0,0,0,0.365284816260973,0,0,0,0,0,0.0475090692586746,0,0,0,0,0.0688488272271607,0.18238209963723,0,0,0,0,0,0,0,0,0,0,0,0,0,0,0.0278197779070089,0,0,0,0,0,0,0,0.0196505220016062,0,0,0,0,0,0.0354850322616377,0,0,0,0,0,0.00548863227271469,0.041095511063111,0,0,0.00453047547838609,0,0,0.0245520755448478,0.0786463958350641,0,0,0
"Group 3-B-1",0,0,0.0068725538236334,0.00459617543620248,0,0,0,0,0.00468301275888377,0,0,0.00695939114631469,0,0.00424882614547733,0,0.115692124475099,0.0786994250128705,0,0.0442001972447758,0.013323326365672,0,0.0239733037259414,0.0106065586989288,0.0294254470571452,0,0,0,0.0128209104273017,0.00462718876573151,0,0.0100793320969353,0.176279765043016,0,0.0105197213762475,0,0,0.00845423362961401,0.0354048169903425,0.0301511589681245,0.0120765905186049,0.0180373524540848,0,0.0230056878446356,0,0,0.012938761079512,0,0.00610962591721922,0,0,0,0,0.00650659653519083,0.00625228723305277,0,0.00627709789667599,0.00641975921250954,0,0,0.0277445245966716,0.0113384732758139,0,0
"Group 3-B-2",0,0,0,0.0262983650532249,0,0,0,0,0.00487258280844128,0,0,0,0,0.0052121356173919,0,0.0175548802227466,0.0860936147094277,0.0080983344934721,0.00609497292066349,0.0293373626933329,0,0.00468582876351845,0.00974516561688257,0,0.00203731685370367,0.00252966842668206,0,0,0,0.00460094056128079,0,0.505679020729699,0,0.00589124123529312,0,0,0,0.0150082341556171,0.0253645948286107,0.00580635303305547,0.00685896674080236,0,0,0,0.0130388278637035,0,0,0,0,0.00280131067384255,0,0.0119522588750615,0.00614590584200608,0,0.00511026977470671,0.00488956044888881,0,0,0,0.0164513335936572,0,0,0
"Group 3-B-3",0,0,0,0,0.00221792748021351,0,0,0.00698509110988404,0,0,0.0155070863243144,0,0,0.00767531750414136,0,0.00567826247009019,0.24807656911467,0,0,0.00742683600220872,0,0,0,0,0,0,0,0,0,0,0,0.455733480581631,0,0,0,0,0,0.0060003681207436,0,0.023210012884226,0,0,0,0,0,0,0,0,0,0,0.0152770108595619,0.0145959874838947,0.0349162525308301,0,0,0,0,0,0.0022547395545739,0.032265783176882,0.00508006626173385,0,0
"Group 3-C-1",0,0,0,0.0085421621979867,0,0,0,0.0225851822941597,0.00969093573495733,0,0.00678954616081357,0,0.00508847765414553,0.00897663424081533,0,0.0195733337260764,0.371554599880704,0,0.00670854289859128,0.0179017209511256,0,0.00902081783839113,0.00873362445414847,0,0,0.0261345979660817,0,0,0,0,0,0.0188884879636516,0,0.00537567103838818,0,0,0.00765849024647084,0.00899136210667393,0.00869680478950198,0.0339992783345729,0,0,0.0161049213163766,0,0.00218708808000177,0.0117233812234438,0,0,0,0,0,0,0.0388005626044758,0,0,0.0150666067733455,0.0188074847014293,0,0.00762167058182434,0.0904143685059317,0.00889563097859305,0,0
"Group 3-C-2",0,0,0.00707463742483198,0.00226266421087299,0.0172596757864435,0.0126794579364014,0,0.0299086395960138,0.00531817571935645,0,0.00811143773709184,0.0046899967066343,0.00692826561604235,0.0192539916812022,0,0.0543344351877828,0.214733542319749,0,0.0423807374699633,0.00967273703084786,0,0.0153019528438823,0.00460461315150702,0,0,0.00600124416037471,0.0366966322286328,0.00856884963955942,0.0123928131441884,0,0.0123440225412586,0.0117341400046351,0,0.00212239122744959,0,0,0.00461071197687325,0.0859202517595111,0.0657087444958101,0.00611102301696693,0.00696485856823976,0,0,0,0,0,0,0,0,0,0.00425088128026542,0.0401729626873864,0.0151799763365576,0,0.00666601612529427,0.00767842113608919,0.00855665198882695,0,0.00581827939938768,0.00377517290169913,0,0,0
"Group 3-C-3",0,0,0,0,0.182275092530627,0,0,0,0,0,0.0214766658927328,0,0.00575670249525396,0.0073136754121198,0,0.0306136385364455,0.273200945109876,0,0.00430899083571204,0,0,0,0,0,0,0.00245837828978817,0,0,0,0,0.0020213332604925,0.0422841065843565,0,0,0,0,0.00447971155028066,0.00742293666944372,0.00424753137846734,0.020479656919652,0,0,0,0,0,0.00730001775495431,0,0,0,0,0,0.0217703055217908,0.0366844671465057,0,0,0,0,0,0.00511479260847594,0.124448572091943,0.00755951324109862,0,0
"Group 3-D-1",0.00465764037482476,0,0,0,0.0947391721390098,0,0,0.0212499077694975,0.00659448092673209,0,0.0101361322216483,0,0,0.00750756290120269,0,0.0208440935586217,0.18274551759758,0,0,0,0,0,0,0,0,0.00208440935586217,0,0,0,0,0,0.198387810816793,0,0,0,0,0,0.00350475909392754,0.0102283627241201,0.0121652032760274,0,0,0.0806647974618166,0,0,0.0239614845421678,0,0,0,0,0.0643768907253007,0.00462997122408323,0.0418357559211983,0,0.00534014609311592,0,0,0,0,0.11542647384343,0,0,0
"Group 3-D-2",0.00521724448446646,0,0,0,0.0786751463304818,0,0,0.0221972084646556,0,0,0,0,0,0.00920756416028816,0,0.107963755065286,0.118325078793336,0,0,0.00439554254840162,0,0.00204862674470959,0,0,0,0,0,0,0,0,0,0.0467863574966231,0,0,0,0,0,0.00825641602881585,0,0.00422669968482665,0,0,0.0790747411076092,0,0,0,0,0,0,0,0.0143347591175146,0.00631472309770374,0.00630346690679874,0,0,0.0103050427735254,0,0,0.0184376407023863,0.347281629896443,0,0,0
"Group 3-D-3",0,0,0,0,0.143521618348885,0,0,0.00884678395897144,0.00434503882042881,0,0.0129995013889878,0,0,0,0,0.198817579599687,0.175589429446542,0,0,0.0239618206424959,0,0.0141320606880832,0.00407436427095947,0,0,0,0.00964456157846,0,0,0.00611866942089892,0.00453736021084123,0.0342403305078709,0,0,0,0,0.00557019730750053,0.0109338271956692,0,0.0180568416553886,0,0,0.0173231711660375,0,0,0.00214402735237553,0,0,0,0,0,0.0345181280718,0.0245459078281929,0,0,0.00581950281359071,0,0,0,0.0932545053066458,0.00878267682883396,0,0
"Group 3-D-4",0,0,0,0,0.193972373377982,0,0,0,0,0,0,0,0,0,0,0.0798325659271662,0.129359564671411,0,0,0.00565927166178317,0,0.00219338635412306,0,0,0,0,0,0,0,0,0,0.35896190874843,0,0,0,0,0,0.0106320636249477,0,0.0108832147341984,0,0,0,0,0,0,0,0,0,0,0,0,0.0206111343658434,0,0,0,0,0,0,0.0804018417748012,0.00224361657597321,0,0
"Group 4-A-1",0,0,0,0.00836380982668151,0.211321354746383,0,0,0.00469072984576244,0.0165845126411194,0,0,0,0,0,0,0.102067101287963,0.0843695341071713,0,0,0.0291143266020035,0,0,0,0,0,0,0,0,0,0.0065829225632056,0,0.218047384321832,0,0,0,0,0,0.00850691683892511,0.00869772618858324,0.0062967085387184,0,0.011003339163619,0.0879631101923994,0,0,0,0,0,0,0.00812529813960884,0.00704404515821275,0,0.00208300206710129,0,0.00224200985848307,0,0,0,0,0.0788837653044999,0,0,0
"Group 4-A-2",0,0,0.00764255661981918,0,0.155810804762331,0,0,0.0134164354131233,0.0115477575866082,0,0,0.00568995613642467,0,0.0221499865723749,0,0.14668001969385,0.0392534240444007,0,0.00469966878524752,0.02835466833766,0,0.0218814340703608,0.00576268910572017,0,0,0,0.00446468534598514,0,0,0,0.0152515441768866,0.00505773878793304,0,0.0218087011010653,0.0345201861964014,0,0.00518642019514815,0.0929974935099812,0.031974532271059,0,0.0255740309730552,0.0375246173126846,0.00303240533524304,0,0,0,0,0.00605362098290216,0,0,0.02661467191836,0.0233081192373109,0,0,0.0172433085668248,0.012582803688121,0,0,0,0.0134779786948348,0,0,0
"Group 4-A-3",0,0,0,0,0.070518060593675,0,0,0.0157359628059061,0,0,0,0,0,0.00607980381137281,0,0.0874546569253564,0.0757420937005058,0,0,0.119769580544628,0,0,0,0,0,0,0,0,0,0,0,0.349358810606448,0,0,0,0,0,0.00823838961835181,0,0,0,0.023297399478874,0.00524957850099627,0,0,0,0,0,0,0,0,0.0189419097736678,0.00438103509937158,0,0.00472589792060491,0,0,0,0,0.104391253257038,0,0,0
"Group 4-A-4",0,0,0,0.00485137161506571,0.173918522158797,0,0,0.00708174246147255,0,0.00450484507113245,0,0,0,0.00430322962738946,0,0.0640507062841014,0.165368767247571,0,0,0.0662810771305082,0,0,0,0,0,0,0,0,0,0,0,0.16117264582467,0,0,0,0,0,0.0112337605060548,0,0,0,0.0101626784611701,0.0794112829042705,0,0,0,0,0,0,0,0.00975314709106717,0.00606736476014063,0.00473796292796028,0,0,0,0,0,0,0.102672664726118,0,0,0
"Group 4-B-1",0,0,0,0.00242492072374557,0.0523782876329043,0,0,0.0123111359820929,0,0,0,0,0,0.00641671329975751,0,0.308561835478456,0.138444320089536,0,0,0.0226823353851893,0,0,0,0,0,0,0,0,0,0,0,0.199552322327924,0,0,0,0,0,0.00567058384629733,0,0.0227196418578623,0,0,0.0180936392464093,0,0,0.00402909904868495,0,0,0,0,0.00865510166013803,0,0.00969968289498228,0,0.00499906733818318,0.00593172915500839,0.00473792202947211,0,0,0.0833799664241746,0,0,0
"Group 4-B-2",0,0.00239460126260794,0,0,0.0558498415693104,0.00200759499794403,0,0.0100621628812616,0,0,0,0,0,0.00522458457296278,0,0.159809399414653,0.245724790170041,0,0,0.023341315337542,0,0.00696611276395037,0,0,0,0,0,0,0,0,0,0.00732893113707278,0,0,0,0,0,0.00878020462956244,0,0.0140531649856082,0,0.00203178288948552,0,0,0,0,0,0,0,0,0.0231478122052101,0,0.00715961589628232,0,0,0,0.014778801731853,0,0,0.282877391577776,0,0,0
"Group 4-B-3",0,0,0,0,0.0181317937846737,0.0243651616977132,0,0.0355599657209869,0.0100130801497452,0,0,0.00202967840873213,0,0,0,0.0904244283072482,0.269243606513012,0,0.00423977267601822,0.0206846781832123,0,0.00630553425646114,0,0,0,0,0,0,0.00468179152947544,0.00224617743899689,0,0.161724775607776,0,0,0,0,0,0.0358305895088178,0,0.0254566776419647,0.00466374994362004,0.0107257227910333,0,0,0,0,0,0,0,0,0.0654278111045961,0.0275585223941184,0.0207297821478508,0,0,0,0,0,0,0.0271976906770105,0,0,0
"Group 4-B-4",0,0,0,0,0.0880336702483819,0,0,0.0276520103306444,0,0,0,0,0,0.00548416924401365,0,0.121480725695884,0.191093007684214,0,0,0.0197047476325607,0,0,0,0,0,0,0,0,0,0,0,0.247799955361413,0,0,0,0,0,0,0,0.00847336032905015,0,0,0.018477186493639,0,0,0,0,0,0,0,0.0132162101839747,0,0.00770015623505404,0,0,0,0,0,0,0.149730574243535,0,0,0
"Group 4-C-1",0,0,0,0,0.0524498239135638,0,0,0.0163230416794885,0.00549799979485075,0.00620918384791603,0,0,0,0,0,0.0957705063767224,0.153629432078504,0,0,0.0122610866071734,0,0,0,0,0,0,0,0,0,0,0,0.245009744589189,0,0,0,0,0,0.0049509351386467,0,0.0235237802167744,0,0,0.137846616747017,0,0,0.00673573357951243,0,0,0,0,0.00655793756624611,0.0113037234588163,0.00587410674599104,0,0.00620234553971348,0.00438335555783499,0,0,0,0.0792081239101446,0,0,0
"Group 4-C-2",0,0,0.00216170634256688,0,0.0546316064222087,0,0.00445057188175533,0.0280754120961859,0,0,0,0,0,0.00200108419946593,0,0.0840589215561609,0.116277046426492,0,0,0.0349420087137513,0,0.00220855446763798,0.0090149177815405,0,0,0,0,0,0,0.0200710752983222,0.00211485821749577,0.012561990108353,0,0,0,0,0,0.0253716060206533,0,0,0,0.00889445117421479,0.0223331704803271,0,0,0,0,0,0,0,0.0916817807641599,0.0132714045737155,0.00584932304459272,0,0.0177822097591337,0.00644496349192539,0,0,0,0.283196916054852,0,0,0
"Group 4-C-3",0,0,0,0,0.0715428766509484,0.00711588111037617,0,0.0406896110269486,0,0,0,0,0,0.00407536219514797,0,0.0883350758529456,0.187434655514541,0,0,0.0384919026180468,0,0.00998570422685472,0,0,0,0,0,0,0,0.00231506177054217,0,0.161211513431626,0,0,0,0,0,0.0134849681012226,0.00835342565131116,0.00311519832718117,0,0.00764930548146884,0.0380011521966416,0,0,0,0,0,0,0,0.0225211769475324,0.00620905967951864,0.0109458680948215,0,0.00533424371092667,0,0,0,0,0.168210041180361,0,0,0
"Group 4-C-4",0,0,0,0,0.0193654088818334,0,0,0.0181849635690153,0,0,0,0,0,0.00449790369194448,0,0,0.229148858224447,0,0,0.0389139903122074,0,0,0,0,0,0,0,0,0,0,0,0.470020759555501,0,0,0,0,0,0,0,0.014653803883258,0,0,0.0358916432612855,0,0,0,0,0,0,0,0,0.0130154271990882,0.0210037855660032,0,0,0,0,0,0,0.0393312166727724,0,0,0
"Group 4-D-1",0,0,0,0,0.0156242041460806,0,0.00625859522232975,0.0208386390261295,0,0,0,0,0,0.0112119900168084,0,0.0778854479702542,0.190578362960322,0,0.00543727397748688,0.050068761778638,0,0.0044886161055366,0,0,0,0,0,0,0,0,0,0.302519991850456,0,0,0,0,0,0.00218382315489227,0.00203101920236337,0.0417218458717465,0,0,0.00416390770641267,0,0,0,0,0,0,0,0.00443768145469363,0,0.0126254265777008,0,0.0090409005246269,0,0,0,0,0.117805480568431,0,0,0
"Group 4-D-2",0,0,0.00851173958677805,0,0.152147345113658,0.00786473235467499,0,0.0479648028065736,0.00774970884674555,0,0.0120487124556081,0,0.00217106871216805,0.0209774122586304,0,0.0144785840606174,0.168279392100761,0,0.00517605785682449,0.0640393380397119,0,0,0.0154562838780176,0,0,0,0,0,0,0.0220270017684864,0.0128107431956406,0,0,0.00570804158099812,0.00680076490632773,0,0.00586619890440109,0.0453048841857055,0.00317752440655059,0.0205748299808773,0,0.0160170234791736,0,0,0,0.00219982458915041,0,0.00582306508892755,0,0,0,0.0314876852956823,0.00887118804905753,0.0160601572946471,0,0.0274043507641874,0,0,0.00232922603557102,0.0668286581070006,0.00573679745798047,0,0
"Group 4-D-3",0,0,0,0,0.151261763257968,0.00577906835710362,0,0.0120789663315758,0,0.00547227830851663,0,0,0,0.00234016595201233,0,0.00490864077739171,0.149413888314153,0,0,0.0249070711538873,0,0,0,0,0,0,0,0,0,0,0,0.327123807621236,0,0,0,0,0,0.0268833698389709,0,0,0,0,0,0,0,0,0,0,0,0,0.0352808555875029,0.00878989162463167,0.00811209965682323,0,0,0,0,0,0,0.130856657700787,0,0,0
"Group 4-D-4",0,0,0,0,0.125076149583471,0.00611398583434255,0,0.00601856948878858,0,0.00788285808653529,0,0,0,0.00625344049322911,0,0,0.147293478659767,0,0,0.061594920914529,0,0.00519652097324672,0,0,0,0,0,0,0,0,0,0.374178868949319,0,0,0.00414694117215311,0,0,0.0157730558919593,0,0.00446254908437007,0,0,0,0,0,0,0,0.0070461301332159,0,0,0.00900583507651657,0.024243091489596,0.00736907776432163,0.00531395647546699,0.00424235751770707,0,0,0,0,0.0558259018679585,0,0,0
"Group 5-A-1",0,0,0,0.00752784111562738,0.0300717094610224,0,0,0,0,0,0,0,0,0,0,0.0237136908892634,0.158163973431149,0,0,0,0,0,0,0,0,0.00232642675390767,0,0,0,0,0,0.272139056871881,0,0,0,0,0,0.00961633786061267,0.00671491358514259,0.0178315323353491,0,0,0.0918475926109514,0,0,0.00461980767324279,0,0,0,0,0,0,0.0221274908297809,0,0,0,0.0162717689435247,0,0,0.214487293876607,0,0,0
"Group 5-A-2",0,0.00855972714223633,0,0.00539921250510291,0.00826342889500507,0,0,0,0,0,0,0.00568234194134612,0,0,0,0.0462686174065344,0.13049633248614,0.00222552905698145,0.0491986778513768,0,0,0.00693337898521143,0,0,0.00204775010864269,0.00466175908977179,0,0.00555065383146556,0.00750622226319186,0.00647247060062947,0.00859264916970647,0.173097436032501,0,0.00470126552273595,0,0,0,0.0715856565310718,0.0542225792433201,0.00622884759735044,0,0,0,0,0,0,0,0,0,0,0,0.0273911268551562,0.00204775010864269,0,0.00559016026442972,0,0.0318553537801072,0,0,0.122186812752677,0,0,0
"Group 5-A-3",0,0,0,0,0.0500306549336411,0,0,0.00219092613964224,0,0,0,0,0,0.00421054529717253,0,0.0114234708597807,0.211383799769186,0,0,0,0,0,0,0,0,0,0,0,0,0,0,0.348817080207732,0,0,0,0,0,0.0158954847085978,0.0151471436814772,0.0100890796306982,0,0,0,0,0,0,0,0,0,0,0.0362629832660127,0,0.0140832371609925,0,0,0,0.0112341315637623,0,0,0.157250793421812,0,0,0
"Group 5-A-4",0,0,0,0.00473310738468127,0.106978564413826,0.00414977589733366,0,0.00985756374188689,0,0,0,0,0,0.00451897304122455,0,0.0151961544425492,0.218535173411898,0,0,0.00429745475489002,0,0,0,0,0,0,0,0,0,0,0,0.340983098154753,0,0,0,0,0,0.007014745733927,0.00636495876067903,0.0156022713008292,0,0,0.0112162092314054,0,0,0,0,0,0,0,0.00954005419814072,0,0.0158459414157972,0,0.0054862695582187,0,0.0048290986420929,0,0,0.11061884825259,0,0,0
"Group 5-B-1",0,0,0.0104144909373622,0,0.0368133398315115,0,0,0.0146034950915547,0,0,0.00479240641463018,0,0,0.0106175590057787,0,0.0145396736986238,0.0655213627607974,0,0.0121898860498039,0.0181136717027548,0,0.0112267632110283,0,0,0,0.0114298312794449,0,0,0,0,0.00214671958040335,0.255140523103344,0,0.00595279537701037,0,0.0155376082062707,0.00522175033071085,0.0269326278168442,0,0.00750191464178793,0,0,0.0667281672816728,0,0,0.0114936526723758,0,0,0,0.00277332962008865,0.0315509758871174,0.00508830560003713,0.00829678108101836,0,0.0255517649516118,0.00495486086936341,0,0,0,0.126917542760333,0,0,0
"Group 5-B-2",0,0,0,0.00600720579317233,0.022052580886812,0,0,0.00523668533514073,0,0,0,0,0,0,0,0.010138051582064,0.10758035172832,0,0,0.0160025684015268,0,0,0,0,0,0.0073698854920986,0,0,0,0,0,0.251903114186851,0,0,0,0,0,0,0,0.00721292762101809,0,0,0.087839332215603,0,0,0.00642100381693005,0,0,0,0,0,0,0.0144472585880926,0,0.00206899011878857,0.00200478008061927,0,0,0,0.335825634074127,0,0,0
"Group 5-B-3",0,0,0,0,0,0,0,0,0,0,0,0,0,0,0,0.0248567795567344,0.352028329618945,0,0,0.00203721680635502,0,0,0,0,0,0,0,0,0,0,0,0.100274819179918,0,0,0,0,0,0,0,0.0305719246913411,0,0,0.026360765118473,0,0,0,0,0,0,0,0.00700036916009243,0,0.0893367423672733,0,0.0056877999425751,0,0.00947510903895322,0,0,0.256183431548148,0,0,0
"Group 5-B-4",0,0,0,0,0,0,0,0,0,0,0,0,0.00441732696502029,0.00739902266640899,0,0.020954694790315,0.112407167113001,0,0.00680544435548439,0.0225973882554319,0,0,0,0.00492808039535076,0,0,0,0,0,0,0,0.388559123160597,0,0,0,0,0,0.0110985339996135,0.0169791005217967,0.00904171613152591,0,0,0,0,0,0,0,0,0,0,0,0,0.012893073079153,0,0.00764749730819138,0,0.0368018552773253,0,0,0.192636868115182,0.00434830623119185,0,0
"Group 5-C-1",0,0,0,0.00537589598266378,0.0189545479802189,0,0,0,0,0.00829304884147358,0.00200727899094293,0,0,0,0,0.0407776296049342,0.211542201478024,0,0,0.0368255820414514,0,0.00606351058509752,0.00532727676835028,0,0,0.00518836472745458,0,0,0,0,0,0.117026448852587,0,0,0,0.00204895260321165,0,0.00935572595432572,0,0.00603572817691837,0.00419514363505029,0,0.245096404956382,0,0,0,0,0,0,0,0,0.00911957548480302,0.0397566261043507,0.00444518530866255,0,0.00493137745179752,0.00201422459298772,0,0,0.0693518364171807,0.00716091570817358,0,0
"Group 5-C-2",0,0,0,0,0.0376971950471102,0,0,0.00416049962095231,0,0,0,0,0,0,0,0.143307100826685,0.130248005487167,0,0,0.0224630879751634,0,0,0,0,0,0,0,0,0,0,0,0.120573264503087,0,0,0,0,0,0.00493664488646619,0,0,0,0,0.0403866286415653,0,0,0,0,0,0,0,0.00904299483773149,0,0.00520739323490127,0,0.00440417313454388,0,0,0,0,0.380238980542219,0,0,0
"Group 5-C-3",0,0,0,0,0.00874510476963163,0.0190894481456633,0,0,0,0,0.00466509603232802,0,0,0,0,0.0714976674519838,0.206645031438691,0,0.016398046588551,0.010430156179302,0,0.0160157895558017,0,0.00838625122868332,0,0.014042095080586,0,0.00681041611408422,0,0,0.0133867973101587,0.187126519276676,0,0,0,0,0.00459488555692509,0.0635638837314527,0.0439985645858362,0.0261260980138237,0.0057884636387749,0,0.00443106111431826,0,0,0,0,0,0,0,0,0.00202050145881766,0.0107812085563166,0,0,0,0.00620972649119249,0,0,0.0597569157318272,0.00443886227825191,0,0
"Group 5-C-4",0,0,0,0,0.00728848009526351,0.00574866035682756,0,0,0,0,0,0,0,0.00761697497279652,0,0.167593980331369,0.239842322458784,0,0,0.00810971728909602,0,0,0,0,0,0,0,0,0,0,0,0.0705237440203667,0,0,0,0,0,0.00755538218325908,0,0.027080296466627,0,0,0,0,0,0,0,0,0,0,0,0,0.0147001457696019,0,0.00876670704416203,0.00722688730572608,0.00494795409284086,0,0,0.316853840310428,0,0,0
"Group 5-D-1",0,0,0,0.0104652104027661,0.00708859002971888,0,0,0,0,0,0,0,0,0.00790961758617898,0,0.00767834221816205,0.103992969228812,0.00200053193334644,0,0.00811776541739422,0,0.00453299721313182,0.00202365947014813,0,0,0,0,0,0,0.00503023925436821,0,0.402442267886259,0,0,0,0,0,0.0108930698335974,0.00445205083432589,0.00541184361159615,0,0,0.0653931103067868,0,0,0,0,0,0,0,0,0,0.00514587693837668,0,0,0.00216242469095829,0.0139690322282225,0,0,0.197289452686842,0,0,0
"Group 5-D-2",0,0,0,0.0136674573840128,0.00766811937993049,0,0,0.00217906989573564,0,0,0,0.00729574667622883,0,0.0109091410602968,0,0.0240249351795664,0.0828046560379544,0.00935069233739725,0.0024824846913444,0.00860594692999393,0,0,0.00259281734429304,0,0.00737849616594031,0.0125365476912892,0,0,0,0,0.0156810283003255,0.248193302807966,0,0,0,0,0,0.0304518122138247,0.0171015612070392,0.0100126882550891,0,0,0.00313068902741766,0,0,0,0,0,0,0.00271694157886026,0,0,0.0118055938655045,0,0,0,0.00281348265019032,0,0,0.300642687703426,0,0,0
"Group 5-D-3",0,0,0,0.0126098517283339,0,0,0,0.0105547793951958,0,0,0,0.0056063815404029,0,0.0123664878994096,0,0.081580963540493,0.158655189508315,0.00534499076118798,0.00495741132993826,0.00206408580828338,0,0.0108882779755735,0,0,0.0049033304790662,0,0,0,0,0,0.0150434900175763,0.0940646266167921,0,0,0,0,0,0.0125467574023165,0.0158727297309478,0.0114110595340033,0.0201811708504214,0,0,0,0,0,0,0,0,0,0.0104105637928703,0,0.0308711523727973,0,0,0,0.0114831673351661,0,0,0.312488169813872,0,0,0
"Group 5-D-4",0,0,0,0.00486273202178504,0,0,0,0.00229706198362417,0,0,0,0,0,0.00200066688896299,0,0.00690971064428884,0.22303730873254,0,0,0,0,0,0,0,0,0,0.0245822681634619,0,0,0,0,0.343410766551814,0,0,0,0,0,0.0106053869808455,0,0.0208402800933645,0,0,0,0,0,0,0,0,0,0,0.0172001778370568,0,0.0154773813493387,0,0.00253788299803638,0,0.00212107739616909,0,0,0.202975065762662,0,0,0
"Group 6-A-1",0,0,0,0,0.0603877354599203,0,0,0.0285072643109217,0,0,0,0,0,0.0135019936752372,0,0.104926898574637,0.110775012603694,0,0.00879967001237454,0.0105412713689903,0,0,0,0,0,0,0,0,0,0.00507814290297447,0,0.183931435904487,0,0.0116778954122554,0,0,0,0.0128786837160273,0,0.00626976488381686,0,0,0.111150831843806,0,0,0.0210642100921215,0,0,0,0.00339153948393602,0.0260506897658004,0,0.0144736239057702,0,0.012347036986113,0,0,0,0,0.134909940877217,0,0,0
"Group 6-A-2",0,0,0,0,0.0207034842137529,0,0,0.0122036885664657,0,0,0,0,0.00208822928374374,0.0177722999897824,0,0.209633953203229,0.0939575457239195,0,0.0251162256053949,0.0473715132318381,0,0.00509604577500766,0,0,0,0,0,0,0,0.0187749054868703,0.0080080719321549,0.062857617247369,0,0,0.0055622254010422,0,0.00409982630019413,0.0153775416368652,0.00642433840809237,0,0,0.0046681822826198,0.03387146214366,0,0,0.00536425871053438,0,0.00233728415244712,0,0,0,0.00963012158986411,0.00484060488402984,0,0.00936829467661183,0.00536425871053438,0,0,0,0.203062736282824,0,0,0
"Group 6-A-3",0,0,0,0,0.01042275879355,0.00845935332943437,0,0.0146559166736291,0,0,0,0,0,0.00899546049516807,0,0.0984626952961818,0.167759768290306,0,0,0.0296878046063442,0,0,0,0,0,0,0,0,0,0,0,0.265470521068315,0,0,0,0,0,0.00942016876932075,0,0.0153243100231153,0,0,0.0795666583117498,0,0,0,0,0,0,0,0,0.0142590581223717,0.0246191550394074,0,0.00700420530815718,0,0,0,0,0.0944384103378171,0,0,0
"Group 6-A-4",0,0,0,0,0.0239537444933921,0,0,0,0,0,0,0,0,0.00211086637298091,0,0.190513338228096,0.156479441997063,0,0,0.00530775819872736,0,0,0,0,0,0,0,0,0,0,0,0.425974363680862,0,0,0,0,0,0.00211086637298091,0,0.0132082109642682,0,0,0.0298274596182085,0,0,0,0,0,0,0,0,0,0.00517009300048948,0,0,0,0.00627141458639256,0,0,0.0456436612824278,0,0,0
"Group 6-B-1",0,0,0,0,0.0481459081907337,0,0,0.0186179989801606,0,0,0,0,0,0.00986635359967745,0,0.162024025519703,0.17822287049225,0,0.00788596772089604,0.0362873101141983,0,0,0,0,0,0,0,0,0,0,0.00598859202865037,0.193247714255221,0,0,0.00420980231717006,0.0141117317110771,0,0.00594115763634423,0,0.0473632407176824,0,0.0023124266249244,0.0252825310991735,0,0,0.00409121633640471,0,0,0,0.00285792213644503,0.0110403548092545,0,0.0053956621248236,0,0.00623762258825762,0,0,0,0.00474343923061416,0.077412928243623,0,0,0
"Group 6-B-2",0,0,0,0,0.0620113471251643,0,0,0,0,0,0,0,0,0.0139676883691967,0,0.157251089739155,0.0527831592057012,0,0.0287570054659932,0.0396803431813464,0,0.00215353213865633,0,0,0,0,0,0,0,0.0329170414446828,0.010897391545008,0.234034456514219,0,0,0.00573410364630181,0,0,0.0197363869092922,0,0.00539680343181346,0.00710925067460043,0,0.00696222237597731,0,0,0,0,0,0,0,0,0,0,0,0,0,0,0,0,0.149484536082474,0,0,0
"Group 6-B-3",0,0,0,0,0.0537410798263856,0.0152128329694794,0,0.0198120615416476,0,0,0,0.00608340739845887,0.00590219951850478,0.00577276531853757,0,0.162293228865552,0.189845455565239,0,0.00591945741183374,0.0405474203763947,0,0.00882741243776372,0,0.00516011010535944,0,0,0,0,0.00251965242602835,0.0108206991172588,0,0.143007533070438,0,0,0.00915531241101399,0,0,0.0431015885890809,0,0.0134525278499254,0.0022780419194229,0,0,0,0,0,0,0,0,0,0,0.00570373374522172,0.0185694932219624,0,0,0,0.00470277593214196,0,0,0.0477180750545781,0,0,0
"Group 6-B-4",0,0,0,0,0.0637014616861066,0,0,0.0206555440720508,0,0,0,0,0,0,0,0.0328362616270486,0.185501254983021,0,0,0.0106452089177617,0,0,0,0,0,0,0,0,0,0,0,0.471024656725233,0,0,0,0,0,0,0,0.0107264137014617,0,0,0.0086003248191348,0,0,0,0,0,0,0,0.0144987450169792,0,0.011427727742507,0,0.00428170677690831,0,0,0,0,0.0746936364978592,0,0,0
"Group 6-C-1",0,0,0,0,0.0131451247035312,0,0,0.00221669643318613,0,0,0,0,0,0,0,0.0522014781804713,0.260789166901162,0,0.00884381478525035,0.00646057898273159,0,0,0,0,0,0,0,0,0,0,0,0.234160096018561,0,0,0,0,0,0.00918263626078917,0.00612750024406632,0.0234016527596722,0.00213629811695658,0,0.0649101548816135,0,0,0.00804557435982841,0,0,0,0,0.0641348854036857,0,0.0233729390753045,0,0,0,0.00217075453819781,0,0,0.0943014822003871,0,0,0
"Group 6-C-2",0,0,0,0.00968027436663348,0.0527574952981524,0,0,0,0,0,0,0,0,0.0113812368624848,0,0.0415560349596194,0.0445430910498949,0.00648578382564443,0.0129715676512889,0.0137736475273813,0,0.0119758822878637,0,0,0.0055592432791238,0.00259984511561013,0,0.00235092377475384,0,0,0.0025030423719438,0.272707157871446,0,0,0,0,0,0.0477514105542649,0.0525777187742007,0,0,0,0.0928891470295387,0,0,0,0,0,0,0,0,0,0,0,0,0,0,0,0,0.190272707157871,0,0,0
"Group 6-C-3",0,0,0,0,0.00751956205419376,0.0141131699176817,0,0.0198317001943486,0,0,0.00210629140083641,0.00876095118898623,0,0.00228944717482219,0,0.087843544267733,0.118074422296163,0,0.0210323880460331,0.0166468247911515,0,0.0227011406534591,0,0,0,0.00981918454979293,0,0.00456871902886738,0.0101549701354335,0.00458906967042136,0.0168401558859143,0.131149709494592,0,0,0.00538274469102638,0.00511818635082471,0.00477222544440713,0.0939283860923716,0.0371500961567813,0.0161075327899712,0.0136044038788323,0,0.00869989926432431,0,0,0,0,0,0,0.00201471351384352,0,0.0190889017776285,0.0202692389877591,0.0125665211595796,0,0,0.002442076986477,0,0,0.056157595368194,0.00454836838731341,0.00699044537379041,0
"Group 6-C-4",0,0,0,0,0.00810911964070362,0,0,0,0,0,0,0,0,0,0,0.0244313219944276,0.0971708182586879,0,0.00217629364716319,0.0143746274656575,0,0.00819229009855699,0,0,0,0,0.0276264537502946,0,0,0,0.0058357937927115,0.478729155404,0,0,0,0,0,0.0187410765029595,0.00440110339474085,0.0124963612924689,0.00766554386548565,0,0.0201064581860523,0,0,0,0,0,0,0,0,0,0.0120458546457632,0.00212777754674873,0,0,0,0,0,0.0806614823747938,0,0,0
"Group 7-A-1",0.005251885650433,0,0,0.00474283763230593,0.228103175342211,0,0,0.00854207406027874,0,0.00898904305180495,0.00621411056274638,0,0,0,0,0.00260731911723624,0.114933109848838,0,0.00758605705062545,0.0126392898159357,0,0,0,0,0,0,0,0,0,0,0,0.110022658844709,0,0,0,0,0,0.0280473042182699,0.00862898469751994,0.00873451904274141,0,0,0.127131638575907,0,0,0,0,0,0,0,0.0295372008566906,0,0.0182450259179936,0,0,0,0,0,0,0.145252506440699,0,0,0
"Group 7-A-2",0,0,0,0.0129007545868924,0.102930248592332,0,0,0,0,0.0180411383920021,0,0,0,0,0,0.0134753131344084,0.094357835063393,0,0,0.130853794001609,0,0,0,0.00204542842915693,0,0,0,0,0,0,0.00648102041598039,0.423204504539013,0,0,0,0,0,0.0168460566131689,0.0204313019496687,0,0.00465009384456276,0,0.00235185965449879,0,0,0,0,0,0,0,0,0,0.00202244608725629,0,0,0,0,0,0,0.00866434289654116,0,0,0
"Group 7-A-3",0,0,0,0.0149630866584637,0.0393522587449464,0,0,0,0,0.00511952891545087,0,0,0,0,0,0.00549305677623484,0.192784320618738,0.0132053084900686,0,0.0126120583582352,0,0,0,0.00276850061522236,0.0110740024608894,0,0,0,0,0,0,0.531200562489014,0,0,0,0,0,0.0081516962559325,0.0193795043065565,0.0134909474424328,0,0,0,0,0,0,0,0,0,0,0,0,0.019555282123396,0,0,0,0.00210933380207418,0,0,0.00239497275443839,0,0,0
"Group 7-A-4",0,0,0,0.00542781166901298,0.0343344282809323,0,0,0.00211168465509151,0,0.00578758016580635,0,0,0,0,0,0,0.323040825903332,0,0,0.0476302205537306,0,0,0,0.00475520100109495,0,0,0,0,0,0,0,0.395745346472705,0,0,0,0,0,0.00289379008290318,0.0109338338808071,0.0265290161113718,0,0,0,0,0,0,0,0,0,0,0,0,0.0361176286563429,0,0,0,0.0129047395588925,0,0,0,0,0,0
"Group 7-B-1",0,0,0.00506460421338459,0,0.0180007017222705,0,0,0.00527054444495294,0,0,0,0,0,0.00495782038960841,0,0.0122953945662289,0.15323478711882,0,0.0220508596097814,0.0194880478391531,0,0.00741384833646057,0,0,0,0,0,0.00446203835064757,0,0,0,0.245869754244657,0,0,0,0,0,0.0110216160968987,0.0128521959330618,0.00705535978521197,0.00421796103915915,0,0.0207313166445472,0,0,0,0,0,0,0,0,0,0.0235458331426479,0,0.0105182066419538,0,0.00755876924015682,0,0,0.238303357588516,0.0102893841624335,0,0
"Group 7-B-2",0,0,0,0.00548112946252861,0.0319975509847082,0,0,0.00422746687269494,0,0,0,0,0.00555401682240266,0,0,0.0283750491989679,0.0210498695316258,0,0.0117421536757096,0.15280106123996,0,0.0087756381288357,0.00432950917651861,0.0140162393037799,0,0,0,0,0,0.00238341666788146,0.00463563608798962,0.39559614571641,0,0,0,0,0.0223472645373839,0.0349349115876325,0.0180469103048149,0,0,0,0,0,0,0,0,0.00336010729019373,0,0.00228866310004519,0,0,0,0,0,0,0.0119316608113821,0,0,0.00599134098164696,0.0154156766133617,0.00669105963643785,0
"Group 7-B-3",0,0,0,0.00680673216159269,0.0311895739939476,0,0,0.00786459372046442,0,0,0,0,0.00574019960633676,0,0,0.0118619230535781,0.474901800965949,0,0.00573152860995257,0.0878285223755062,0,0.00797731667345895,0,0.0104225376538018,0,0,0,0.00413606527526078,0,0.00429214321017628,0,0.033079851205702,0,0,0,0,0.0127723776739185,0.0165529320974273,0.00806402663730089,0.0359239380197178,0.00463031206915987,0,0,0,0,0,0,0,0,0,0,0,0.0264552099681774,0,0,0,0.0152782956289507,0,0,0,0.00512455886305895,0,0
"Group 7-B-4",0,0,0.00736098571352701,0.0279143873811673,0.00283605077274417,0,0,0,0,0,0,0.00502416485208986,0,0,0,0.0490095066121408,0.443348026979659,0,0.0065749641510436,0.0330978809283552,0,0.00782834988581444,0.0124488820436561,0.038600031865739,0,0,0,0.00670242710712199,0,0.00671304902012853,0.0144670455148972,0.0140315470816294,0,0,0,0,0.0366562217855436,0.015879759944766,0.0224547240958097,0.00469488554888736,0.0228583567900579,0,0,0,0.011450422221042,0,0,0,0,0.00752031440862499,0,0,0,0,0,0,0.0164427213341123,0,0,0.00381326676934516,0.0239949014817569,0.015858516118753,0
"Group 7-C-1",0,0,0.00494265390109035,0,0.00431333173056526,0,0,0,0,0,0,0,0,0,0,0.0739064643407673,0.083735203857957,0,0.007848849542504,0.0214040248334771,0,0.0062154403133883,0.00610937477903014,0,0,0,0,0.00201524515280508,0,0,0,0.323768579146102,0,0,0,0,0.00589017267468993,0.0344571565951549,0.0207888447341998,0.00605280649403912,0.0153017210900709,0,0.0269123615844777,0,0,0,0,0,0,0,0,0,0.00555076296474382,0,0,0,0.0337288399258955,0,0,0.135629534301594,0.00763671847378767,0,0
"Group 7-C-2",0,0,0.0208960958443577,0.00583309319850854,0,0,0.00220924038805788,0.0107056470978615,0,0.00708179428741082,0,0.00728263432268881,0.00463678516228748,0,0,0.0400370244238947,0.197425754678263,0,0.00948314253529982,0.107912224172408,0,0,0.0236030702328871,0.00661025681327989,0,0,0,0,0,0.0061561836900427,0.00769304656869166,0.2487796784813,0,0,0,0,0.0622691431116234,0.0232275866886717,0.0122163134501698,0,0.00695954383115466,0,0,0,0,0,0,0,0,0,0,0,0,0,0,0,0.0196211982291148,0,0,0,0.0194814834219649,0,0
"Group 7-C-3",0,0,0,0.0109911039512424,0,0,0,0,0,0,0,0,0,0,0,0.00219822079024847,0.302648181507964,0,0,0.00745966621961575,0,0,0,0.00735650062296149,0,0,0,0,0,0,0.00821356865670457,0.504313115521661,0,0,0,0,0,0.0291244415170104,0.0101340359174993,0,0.0116418407916769,0,0,0,0,0,0,0,0,0,0,0,0,0,0,0,0.0059994762362016,0,0,0.00577727341263858,0,0,0
"Group 7-C-4",0,0,0.00427754139617137,0.0055925452882806,0.033978491373121,0,0,0.0046176286096479,0,0,0,0.00203296578722632,0,0,0,0.0326257000128477,0.299579047604652,0,0.00985497169718634,0.0345604183828475,0,0.0168607682948027,0.00891028499308489,0.0174880402663261,0,0,0,0.00660524943507735,0,0.00582682759089775,0.00921258473839736,0.104149819753777,0,0,0,0,0.0106485085286316,0.0343941535229257,0.0195512360280836,0.0334872542869883,0.00905387737210831,0,0,0,0,0,0,0,0,0,0,0,0.0498719004829238,0,0,0,0.0140267081824984,0,0,0.0326786024682774,0.0140493806633968,0.0046856460523432,0
"Group 8-A-1",0,0,0.00600345052690478,0,0.0188263545649538,0,0,0.00992026485125431,0,0.0108062109484286,0,0,0,0.020644875501259,0,0.157511890329199,0.0952625198172153,0,0,0.105625757717057,0,0,0,0,0,0,0,0,0,0,0,0.0897603282663434,0,0,0.0115755851907116,0,0,0.0113074699244614,0,0.0186281824116385,0,0.0116804998601138,0.00864963163293854,0,0,0,0,0,0,0.00353212720320806,0,0.00822997295532966,0,0,0.0123216450620162,0.00498927538934999,0,0,0,0.253741956542012,0,0,0
"Group 8-A-2",0,0.0713015449594309,0,0.00655774146937868,0.00627987106813382,0,0.0346782260753584,0.0075025008336112,0.0310103367789263,0,0,0,0,0.0239524285873069,0.00272312993219962,0.199733244414805,0.078970768033789,0,0,0,0.0246748916305435,0,0,0,0,0.00455707458041569,0,0,0,0,0.00500166722240747,0.107202400800267,0.00805824163610092,0.00883627875958653,0,0,0,0.0132266310992553,0.0107813715683005,0.0135045015005002,0,0.0124485939757697,0.0186173168834056,0.00405690785817495,0,0.00283427809269757,0.0496276536623319,0,0.00761364899410915,0,0.0175614093586751,0,0.0134489274202512,0,0,0,0.00238968545070579,0.0075025008336112,0,0.108258308324997,0,0,0.00700233411137046
"Group 8-B-1",0,0,0.00438620290484201,0,0.00867292491905873,0,0,0.0386438041492575,0.00685513773581493,0.00518205002984427,0,0,0,0.0057970228082551,0,0.156935626820048,0.337882323150108,0,0,0.0579883155172102,0,0,0,0,0,0,0,0,0,0,0,0.0944706712247002,0,0,0.00230614791904064,0,0,0.00479317018467271,0,0.0498580136379257,0,0.00644817045598423,0.00769620344746505,0,0,0,0,0,0,0,0.0289218080199685,0.00898945502559372,0.0149583084631107,0,0.0073344547542822,0.0145242100312913,0,0,0,0.0210628176605712,0,0,0
"Group 8-B-2",0,0.0602272109583084,0,0.00448986247757787,0.00655541664401805,0,0.0437897483285318,0.006653258683481,0.036842963526662,0,0,0,0,0.0358319291188781,0,0.372723813665272,0.0107300103277708,0,0,0,0.0244822525411752,0,0,0,0,0,0,0,0,0,0.00642496059140077,0.129292819481437,0.00959939120508779,0,0,0,0,0,0.00575093765287819,0,0,0.00640321791596456,0.0124802957003859,0,0,0,0.0324292004131108,0,0.00697939881502419,0,0,0,0,0,0,0,0.00614230581073001,0.00654454530629994,0,0.0471163776702723,0,0,0
"Group 8-B-3",0,0.103672861008052,0,0,0.00571909984932683,0,0.139850622944445,0,0,0,0,0,0,0.008125010125885,0.00442298656902613,0.250749315490174,0.00640766002948658,0,0,0,0.0686372988999239,0,0,0,0,0,0,0,0,0,0,0.0663123957033845,0.0373118610566563,0,0,0,0,0,0,0,0,0,0,0.00905659154610113,0,0,0.0965847415064077,0,0.0171491988399786,0,0,0,0,0,0,0,0.00426907311699043,0.0203813813327285,0,0.0223903569171946,0,0,0.00735544286570646
"Group 8-B-4",0,0.204955558403131,0,0,0,0,0.116223803921112,0,0,0,0,0,0.0182775532075999,0,0.00484605617231457,0.0818004962547907,0.0035413487413068,0,0,0,0.060307771163636,0,0,0,0,0,0,0,0,0,0,0.019279382127838,0.0239623498712766,0,0,0,0,0,0,0,0,0,0,0.0101231317638014,0,0,0.104108663490325,0,0.0183241499015645,0,0,0,0,0,0,0,0,0.0478664538750976,0.0132800577799005,0.00866698507740876,0,0,0.0111249606840395
"Group 8-C-1",0,0.00240230079512773,0,0,0.00558281170698697,0,0,0.00231207353521683,0,0,0,0,0,0,0,0.0553657023628264,0.176360457903344,0,0.0074437489426493,0.00512039699994361,0,0.00234590875768341,0.00234590875768341,0,0,0.00248124964754977,0,0,0,0,0,0.187052388202786,0,0,0,0,0,0.00968815203293295,0.0069926126430948,0.020684599334574,0,0,0.0217222128235493,0,0,0.00285343709468223,0,0,0,0,0.00640613545367394,0,0.0469745671911126,0,0,0,0.0621665820786105,0,0,0.218192071279535,0,0,0
"Group 8-C-2",0,0.151333883388339,0,0,0,0,0.255829055127735,0,0,0,0,0,0,0,0.00634855152181885,0.00478242268671312,0.00678401173450678,0,0,0,0.0465331255347757,0,0,0,0,0,0,0,0,0,0,0.0360056839017235,0.0181823737929349,0,0,0,0,0,0,0,0,0,0.00235301307908569,0.00540887422075541,0,0,0.0574501894633908,0,0.0117192274783034,0,0,0,0,0,0,0,0.0589781200342256,0.0292140325143625,0,0.0140951595159516,0,0,0.0100232245446767
"Group 8-C-3",0,0.198785098865679,0,0,0,0,0.0699497923510816,0,0,0,0,0,0,0.00551664290584516,0.0065393913097378,0.00638442943036013,0.0108473315564371,0,0,0,0.0658278063596355,0,0,0,0,0,0,0,0,0,0,0.0159610735759003,0.0168288601004153,0,0,0,0,0,0,0,0,0,0,0.00985557552842001,0,0,0.0956114795760243,0,0.0168598524762908,0,0,0,0,0,0,0,0.0063534370544846,0.0253207710903118,0,0.010723362052935,0,0,0.0143494700303725
"Group 8-C-4",0,0.132370140696465,0,0,0,0,0.040322701053606,0,0,0,0,0,0,0,0.00538000985422712,0,0.00214005942397563,0,0,0,0.0493209043990663,0,0,0,0,0,0,0,0,0,0,0,0.0210173742963933,0,0,0,0,0,0,0,0,0,0,0.00772412145583763,0,0,0.0761662079640072,0,0.0125467204833548,0,0,0,0,0,0,0,0,0.0267930462999368,0,0,0,0,0.0116185319192352
